,cluster,rgb_ce,rgb_ce_err,rgb_mg,rgb_mg_err,rgb_fe,rgb_fe_err,rgb_N_stars,Name,GLON,GLAT,RAdeg,DEdeg,CG_Rad,CG_PMRA,CG_PMRA_ERR,CG_PMDE,CG_PMDE_ERR,V_RAD,V_RAD_ERR,CG_R_GC,CG_DistPc,CG_logAge,R_Guide,Z_Height,Z_Max,Azimuth_Angle,Eccentricity,Z_Period_Avg,Radial_Period_Avg,Fe_H_ASPCAP,C_H,C_H_ERR,N_H,N_H_ERR,O_H,O_H_ERR,Na_H,Na_H_ERR,Mg_H,Mg_H_ERR,Al_H,Al_H_ERR,Si_H,Si_H_ERR,P_H,P_H_ERR,S_H,S_H_ERR,K_H,K_H_ERR,Ca_H,Ca_H_ERR,Ti_H,Ti_H_ERR,V_H,V_H_ERR,Cr_H,Cr_H_ERR,Mn_H,Mn_H_ERR,Fe_H,Fe_H_ERR,Co_H,Co_H_ERR,Ni_H,Ni_H_ERR,Cu_H,Cu_H_ERR,Ce_H,Ce_H_ERR,Nd_H,Nd_H_ERR,Num_Stars_ASPCAP,OCCAM_Qual,EH_Rad,EH_PMRA,EH_PMRA_ERR,EH_PMDE,EH_PMDE_ERR,EH_R_GC,EH_DistPc,EH_logAge
0,BH_211,0.26006762,0.046638032499999996,0.100673502,0.0122163415,0.1960639,0.010221507500000001,2,BH_211,344.94746911,0.461,255.52714971,-41.1121459,0.082,-0.671,0.159,-1.943,0.146,-49.0046,0.4385,6.52,1903.0,8.63,6.967,0.0315,0.0359,184.346,0.091,59.957,132.242,0.1961,0.1209,0.0226,0.6271,0.0458,0.1138,0.0235,0.4564,0.0243,0.1007,0.0428,0.2104,0.0471,0.1952,0.04,0.2294,0.1298,0.2103,0.02,0.1488,0.094,0.1147,0.0413,0.0949,0.0312,-0.4062,0.1398,0.1608,0.02,0.2923,0.02,0.1961,0.02,0.2826,0.1298,0.1843,0.0255,-9999.0,-9999.0,0.2601,0.0466,0.4832,0.0549,2,2,0.319,-0.71,0.01,-1.923,0.01,6.532,1661.3,8.23
1,Berkeley_10,0.34302011666666665,0.047930788333333335,-0.21648782333333336,0.028324165000000002,-0.122104422,0.01155495,3,Berkeley_10,138.61430359,8.881,54.88477481,66.48904483,0.082,-1.47,0.07,1.047,0.106,-36.9024,0.02,10.211,2365.0,9.08,11.062,0.3903,0.4327,171.297,0.107,160.271,230.48,-0.1073,-0.3717,0.0369,0.3524,0.02,-0.2573,0.0223,-0.066,0.02,-0.1921,0.0346,-0.2123,0.0525,-0.1227,0.0284,-0.7246,0.0488,-0.0513,0.02,-0.1548,0.02,-0.0937,0.0351,-0.2926,0.0347,0.3752,0.0523,-0.2187,0.02,-0.1341,0.02,-0.1073,0.02,-0.137,0.1355,-0.1405,0.02,-0.1188,0.1366,0.2917,0.0484,-0.513,0.0529,1,1,0.207,-1.497,0.005,1.005,0.005,9.995,2357.1,8.53
2,Berkeley_13,0.30634013000000004,0.047711263000000004,-0.30870199,0.0240552175,-0.21561108499999998,0.011331375000000001,2,Berkeley_13,155.07174403,5.924,73.95276608,52.81025872,0.065,-0.078,0.141,0.558,0.108,-30.4663,0.069,12.025,3958.0,8.69,13.367,0.4382,0.6162,172.068,0.128,239.823,287.077,-0.2156,-0.4059,0.0246,0.1559,0.069,-0.296,0.02,0.0119,0.02,-0.3087,0.0242,-0.2732,0.0504,-0.2085,0.0268,-0.2589,0.2034,-0.1173,0.02,-0.2658,0.0661,-0.2534,0.0274,-0.31,0.0441,-0.3471,0.189,-0.158,0.02,-0.2746,0.0232,-0.2156,0.0289,-0.287,0.1332,-0.2727,0.02,0.0213,0.1347,0.3063,0.0549,-0.1462,0.1266,2,2,0.285,-0.143,0.007,0.528,0.007,11.654,3788.3,8.66
3,Berkeley_17,-0.16621737325,0.04707742775,-0.145999999625,0.016038454437500002,-0.17288233575,0.010653196875,8,Berkeley_17,175.66322367,-3.669,80.14147184,30.57427186,0.071,2.618,0.281,-0.35,0.176,-73.523,0.3443,11.668,3341.0,9.86,11.296,-0.1847,1.7221,178.762,0.253,258.739,253.245,-0.1729,-0.1632,0.0257,0.0035,0.0329,-0.1245,0.0342,-0.173,0.0624,-0.146,0.0349,-0.1484,0.0483,-0.1569,0.0212,0.1952,0.1223,-0.0406,0.0676,-0.0625,0.0474,-0.1817,0.0329,-0.1929,0.0691,-0.4477,0.1098,-0.1822,0.0634,-0.1812,0.044,-0.1729,0.0298,-0.0819,0.1311,-0.1745,0.0244,-0.0023,0.1337,-0.1662,0.0971,-0.1393,0.1417,8,3,0.288,2.537,0.006,-0.342,0.006,11.061,2949.8,9.52
4,Berkeley_18,-0.12132737317857145,0.04767034524999999,-0.33147952357142857,0.02325980832142857,-0.3730160892857143,0.011270567607142857,28,Berkeley_18,163.57667542,5.057,80.5536708,45.46785151,0.117,0.849,0.16,-0.057,0.14,-2.6223,0.7247,13.813,5632.0,9.64,14.695,0.5307,1.3011,173.405,0.093,326.172,315.847,-0.3672,-0.4363,0.0469,-0.1045,0.0661,-0.288,0.0573,-0.2873,0.1319,-0.3258,0.0269,-0.3417,0.0585,-0.301,0.0534,-0.268,0.3151,-0.1981,0.0765,-0.2371,0.0962,-0.3464,0.0908,-0.4199,0.0557,-0.2191,0.2937,-0.4607,0.1197,-0.3685,0.0445,-0.3672,0.032,-0.3485,0.2866,-0.3868,0.0321,-0.462,0.7588,-0.1427,0.0871,-0.5718,0.3037,23,3,0.312,0.782,0.004,-0.059,0.004,12.873,4887.3,9.16
5,Berkeley_19,-0.0134498635,0.04715949,-0.26773348,0.016926553,-0.3508611,0.01076465,1,Berkeley_19,176.91913351,-3.612,81.01323535,29.57177077,0.037,0.757,0.234,-0.329,0.128,17.7422,0.026,14.89,6568.0,9.34,15.519,-0.3767,1.1181,178.644,0.065,338.588,332.059,-0.3509,-0.5553,0.02,-0.0251,0.02,-0.3131,0.02,-0.2366,0.02,-0.2677,0.02,-0.3117,0.0486,-0.3688,0.02,-0.408,0.0472,-0.299,0.02,-0.3545,0.02,-0.3585,0.0218,-0.3765,0.02,-0.876,0.049,-0.425,0.02,-0.3889,0.02,-0.3509,0.02,-0.3477,0.1315,-0.4023,0.02,-0.209,0.1319,-0.0134,0.0472,-0.1992,0.0486,1,1,0.196,0.658,0.012,-0.33,0.012,13.363,5251.6,8.77
6,Berkeley_2,0.200325928,0.0473733694,-0.277694492,0.0217252976,-0.193741088,0.0109830489,5,Berkeley_2,119.70447894,-2.317,6.32180813,60.39113775,0.027,-1.101,0.125,-0.304,0.102,-76.8114,0.1641,13.217,6928.0,8.77,12.91,-0.2507,0.2852,152.942,0.061,180.995,268.291,-0.1889,-0.2717,0.0837,0.1448,0.029,-0.2404,0.02,0.2027,0.2011,-0.2575,0.0213,-0.2538,0.0501,-0.2208,0.0303,-0.6737,0.2476,-0.0629,0.0775,-0.1992,0.0806,-0.2133,0.0457,-0.2511,0.0896,-0.3787,0.182,-0.1215,0.0873,-0.2484,0.0366,-0.1886,0.0316,-0.6119,0.3582,-0.2059,0.0692,-0.0045,0.1316,0.2453,0.052,-0.2857,0.2065,4,3,0.127,-1.134,0.008,-0.394,0.008,11.893,5551.8,8.78
7,Berkeley_20,-0.38070654,0.04771444,-0.35848482666666664,0.021361372333333333,-0.40071776000000003,0.011254700000000001,3,Berkeley_20,203.48330716,-17.37,83.15437664,0.18844258,0.015,0.808,0.258,-0.244,0.16,76.5914,0.0295,16.32,8728.0,9.68,15.161,-2.5662,2.4607,191.73,0.087,374.55,323.471,-0.4753,-0.5161,0.02,-0.137,0.02,-0.3567,0.02,-0.4326,0.02,-0.3922,0.02,-0.3521,0.0485,-0.3529,0.02,-0.0019,0.0471,-0.2856,0.02,-0.3546,0.02,-0.4109,0.0211,-0.4518,0.02,-0.5457,0.0486,-0.4571,0.02,-0.4477,0.02,-0.4193,0.02,-0.4183,0.1313,-0.412,0.02,-0.1577,0.1317,-0.2501,0.0471,-0.9144,0.0486,1,2,0.22,0.827,0.013,-0.246,0.013,15.411,7792.6,9.27
8,Berkeley_21,0.20965087400000001,0.04771354,-0.21760572499999997,0.023443396499999998,-0.2325635875,0.011359662375000001,4,Berkeley_21,186.82746124,-2.476,87.948987,21.81077389,0.031,0.562,0.164,-1.051,0.101,1.2799,0.2642,14.726,6417.0,9.33,14.22,-0.2405,0.3131,182.967,0.099,217.81,299.684,-0.2326,-0.3778,0.0277,0.0517,0.0941,-0.262,0.0812,-0.2849,0.0436,-0.2176,0.0528,-0.2137,0.0504,-0.2882,0.0212,-0.5142,0.2054,-0.1754,0.0621,-0.2952,0.0355,-0.2194,0.0587,-0.2533,0.0469,-0.2731,0.1118,-0.2556,0.0991,-0.2446,0.0493,-0.2326,0.0304,-0.0622,0.1773,-0.2688,0.0339,-0.1621,0.1344,0.2097,0.0959,-0.4099,0.2149,4,2,0.221,0.506,0.009,-1.031,0.009,13.391,5294.6,8.95
9,Berkeley_22,-0.11922321000000001,0.047488632333333336,-0.30850816666666664,0.021330183000000003,-0.31462441999999996,0.011080383333333332,3,Berkeley_22,199.87587606,-8.075,89.61504356,7.75885126,0.022,0.648,0.134,-0.473,0.137,94.7766,0.9123,14.291,6225.0,9.39,13.324,-0.8392,0.8541,188.43,0.153,254.293,282.462,-0.3146,-0.5595,0.1134,0.0697,0.1989,-0.313,0.0275,-0.1227,0.1916,-0.3085,0.0462,-0.2696,0.0848,-0.2661,0.0492,0.0537,0.12,-0.2285,0.0588,-0.2482,0.1872,-0.311,0.0651,-0.3767,0.0433,-0.3728,0.0498,-0.3556,0.0766,-0.3214,0.0532,-0.3146,0.0472,-0.2164,0.1324,-0.3542,0.0304,-0.0717,0.1329,-0.1192,0.0475,-0.6561,0.3466,3,2,0.176,0.564,0.011,-0.39,0.011,13.233,5334.4,8.9
10,Berkeley_27,0.080789134,0.04910769,-0.32265177,0.04247837,-0.31211108,0.01285215,1,Berkeley_27,207.78448515,2.607,102.83742854,5.76846219,0.02,-1.091,0.15,0.147,0.138,87.0586,0.02,12.812,4835.0,9.23,13.255,0.2514,0.4017,190.121,0.114,209.196,281.0,-0.3121,-0.4783,0.0465,0.0302,0.02,-0.2049,0.0263,0.0868,0.02,-0.3227,0.0425,-0.2414,0.0545,-0.2439,0.0344,-0.4407,0.0495,-0.4188,0.02,-0.4683,0.02,-0.1658,0.0411,-0.2665,0.0425,0.1339,0.0545,-0.4818,0.0218,-0.2882,0.02,-0.3121,0.02,-1.1541,0.1401,-0.3063,0.02,-0.3861,0.1391,0.0808,0.0491,-0.4938,0.0551,1,1,0.199,-1.108,0.007,0.165,0.007,11.688,3874.6,8.73
11,Berkeley_29,-0.305399885,0.04690865,-0.44388399,0.014396371,-0.51018107,0.01049584,2,Berkeley_29,197.95003649,7.978,103.26589601,16.92587374,0.014,0.151,0.067,-1.01,0.104,25.2781,0.0538,20.577,12604.0,9.49,17.54,1.7997,1.5717,190.777,0.211,430.404,386.0,-0.5102,-0.5598,0.02,-0.2771,0.02,-0.4411,0.027,-0.3811,0.02,-0.4439,0.0297,-0.5611,0.0479,-0.5037,0.02,0.006,0.0469,-0.3734,0.02,-0.4775,0.0426,-0.5233,0.02,-0.4841,0.02,-0.5385,0.0479,-0.6384,0.0931,-0.4852,0.02,-0.5102,0.02,-0.3393,0.1306,-0.4881,0.02,-0.143,0.1311,-0.3054,0.0721,-0.8187,0.1986,2,2,0.067,0.122,0.021,-1.065,0.021,19.122,11275.2,8.41
12,Berkeley_31,0.14794011999999998,0.046999569000000005,-0.38131597500000003,0.01532485225,-0.42504107999999996,0.0105926225,2,Berkeley_31,206.23731358,5.135,104.40671972,8.28813294,0.031,0.169,0.186,-0.926,0.161,58.7813,0.889,15.087,7177.0,9.45,13.564,0.6792,0.64,192.093,0.122,238.594,284.0,-0.425,-0.4098,0.0725,-0.1384,0.0683,-0.3515,0.0346,-0.4066,0.0361,-0.3813,0.0245,-0.4509,0.0804,-0.3913,0.046,-0.1544,0.047,-0.3573,0.0384,-0.3011,0.05,-0.4203,0.0486,-0.4059,0.02,-0.4095,0.0482,-0.4286,0.02,-0.3901,0.0468,-0.425,0.0217,-0.385,0.131,-0.451,0.0264,0.0368,0.1331,0.1479,0.4218,-1.0681,0.3946,2,2,0.222,0.114,0.007,-0.922,0.007,13.619,5864.8,9.08
13,Berkeley_32,-0.32480988,0.048276987,-0.28386348,0.04224748,-0.33847108,0.0118118,1,Berkeley_32,207.95474523,4.41,104.53104054,6.43326437,0.063,-0.335,0.176,-1.608,0.179,106.1611,0.02,11.139,3072.0,9.69,9.394,0.2637,0.2279,187.407,0.232,108.787,194.78,-0.3385,-0.4689,0.0433,-0.0246,0.02,-0.2294,0.0261,-0.2544,0.02,-0.2839,0.0422,-0.2792,0.0516,-0.283,0.0342,0.1827,0.0481,-0.2639,0.02,-0.2379,0.02,-0.3376,0.0409,-0.2753,0.0423,-0.0124,0.0517,-0.4446,0.02,-0.4041,0.02,-0.3385,0.02,-0.3317,0.1347,-0.3767,0.02,-9999.0,-9999.0,-0.3248,0.0483,-0.4486,0.0518,1,1,0.261,-0.356,0.004,-1.59,0.004,10.996,3147.9,9.51
14,Berkeley_33,0.09705012866666668,0.046905833,-0.4384391433333333,0.016201864666666666,-0.3290210866666667,0.010518333333333333,3,Berkeley_33,225.44941772,-4.594,104.46237821,-13.22613936,0.032,-0.73,0.117,1.551,0.137,77.8113,0.5991,13.108,5851.0,8.37,14.167,-0.4376,0.4964,198.485,0.089,245.126,301.865,-0.329,-0.3918,0.0208,0.1461,0.0553,-0.3339,0.096,-0.2923,0.1067,-0.4384,0.0619,-0.4398,0.0479,-0.4114,0.0561,-0.4066,0.2162,-0.138,0.046,-0.494,0.0346,-0.359,0.03,-0.3493,0.0827,0.252,0.2443,-0.5177,0.2546,-0.2506,0.0255,-0.329,0.02,-1.0777,0.2802,-0.3659,0.02,-2.0483,0.132,0.0971,0.1152,-0.2925,0.147,3,2,0.226,-0.688,0.006,1.594,0.006,11.917,4727.0,8.68
15,Berkeley_36,-0.035942454,0.0490503596,-0.14139020900000002,0.0344004636,-0.16394108999999998,0.012634420000000002,5,Berkeley_36,227.49248489,-0.566,109.10023535,-13.19347297,0.046,-1.725,0.15,0.86,0.157,62.5896,0.9018,11.734,4360.0,9.83,12.078,-0.0149,0.4204,195.896,0.049,180.114,251.156,-0.1639,-0.1913,0.0381,0.0711,0.0811,-0.1125,0.0483,-0.5147,0.3082,-0.1414,0.0362,-0.1893,0.0546,-0.1303,0.0308,-0.4894,0.6691,-0.0957,0.0408,-0.1043,0.0282,-0.2882,0.1629,-0.0795,0.0703,-0.4435,0.2168,-0.1519,0.1482,-0.0943,0.0429,-0.1639,0.02,-0.3149,0.5068,-0.1267,0.0465,-9999.0,-9999.0,-0.0359,0.2134,-0.4891,0.4646,5,3,0.492,-1.693,0.004,0.958,0.004,11.084,3839.6,9.02
16,Berkeley_39,-0.012700878000000004,0.049167259,-0.1063310183,0.0354222434,-0.167981088,0.01277479,5,Berkeley_39,223.54191611,10.09,116.70733306,-4.67270544,0.055,-1.73,0.179,-1.645,0.129,58.5281,0.3892,11.491,3968.0,9.75,10.075,0.7229,0.9885,193.546,0.146,177.144,207.125,-0.168,-0.1722,0.0574,0.0694,0.0506,-0.0854,0.0854,-0.254,0.3502,-0.1351,0.0372,-0.1795,0.0687,-0.1283,0.1024,-0.3016,0.1577,0.1718,0.3513,-0.0763,0.3752,-0.2494,0.0854,-0.0774,0.1644,-0.1276,0.6472,-0.2336,0.0477,-0.1976,0.0393,-0.1805,0.0411,0.0601,0.278,-0.2311,0.1595,0.0029,0.1343,-0.0441,0.2173,-0.4684,0.5033,4,3,0.197,-1.732,0.003,-1.631,0.003,11.164,3809.3,9.49
17,Berkeley_44,0.16938312,0.047506787,0.1153665,0.019108031,0.16154891,0.01108875,1,Berkeley_44,53.21673965,3.341,289.31444576,19.54819668,0.05,0.007,0.125,-2.834,0.14,-9.2566,0.02,7.012,2863.0,9.16,6.712,0.1834,0.2204,160.947,0.124,66.28,128.407,0.1615,0.0932,0.02,0.5539,0.02,0.1119,0.02,0.3535,0.02,0.1154,0.02,0.1331,0.0497,0.1499,0.02,0.3655,0.0475,0.3447,0.02,0.0803,0.02,0.131,0.0236,0.176,0.02,-0.0733,0.0497,0.1765,0.02,0.2817,0.02,0.1615,0.02,0.3274,0.1324,0.2193,0.02,-9999.0,-9999.0,0.1694,0.0475,0.1177,0.0497,1,1,0.307,-0.053,0.007,-2.878,0.007,6.862,2690.3,9.0
18,Berkeley_53,0.25534811999999996,0.0471223006,-0.15170512080000004,0.017240155,-0.11425088300000001,0.010718763000000001,5,Berkeley_53,90.29575451,3.753,313.98152488,51.0512391,0.089,-3.795,0.247,-5.682,0.223,-35.781,0.8593,9.026,3415.0,8.99,9.664,0.2444,0.2893,157.816,0.133,117.84,198.284,-0.123,-0.2516,0.0511,0.2551,0.0304,-0.1469,0.0264,0.008,0.0438,-0.1517,0.0244,-0.1568,0.0486,-0.1234,0.02,0.1217,0.1496,-0.0806,0.077,-0.0507,0.0337,-0.1214,0.0275,-0.1916,0.058,-0.3021,0.0874,-0.1538,0.0385,-0.124,0.0387,-0.1143,0.0208,-0.1167,0.1313,-0.1659,0.0212,-0.0396,0.1336,0.2553,0.0517,-0.0349,0.1689,5,2,0.19,-3.83,0.004,-5.679,0.004,8.824,3407.4,8.75
19,Berkeley_64,0.21126112,0.04813359,-0.36697748,0.029045867,-0.3004311,0.0117586,1,Berkeley_64,131.98350008,4.616,35.43259371,65.88846252,0.044,-0.511,0.073,0.998,0.076,-30.848,0.02,12.055,4775.0,9.09,13.244,0.413,0.9501,162.931,0.153,266.614,287.012,-0.3559,-0.5063,0.0294,0.1179,0.02,-0.4284,0.02,-0.2355,0.02,-0.367,0.029,-0.3821,0.0516,-0.2716,0.0245,-0.1333,0.0482,0.0471,0.02,-0.3131,0.02,-0.343,0.0311,-0.4221,0.029,-0.2325,0.0518,-0.2945,0.02,-0.324,0.02,-0.3004,0.02,-0.1302,0.1344,-0.3364,0.02,-0.1925,0.1357,0.2113,0.0481,-0.17,0.0516,1,2,0.237,-0.562,0.008,0.939,0.008,11.923,4856.8,8.63
20,Berkeley_66,-0.02944237225,0.04744821825,-0.18455950000000002,0.020272837000000002,-0.2142260925,0.011039692375,4,Berkeley_66,139.4204261,0.183,46.01923513,58.74200287,0.054,-0.12,0.204,-0.191,0.28,-49.8955,0.3955,12.349,4759.0,9.49,12.313,0.045,0.0723,165.481,0.016,143.341,254.2,-0.2236,-0.298,0.0218,-0.0011,0.02,-0.1948,0.0348,-0.0737,0.0779,-0.1846,0.0213,-0.2392,0.0507,-0.1798,0.0378,-0.262,0.3147,-0.1865,0.0339,-0.1943,0.02,-0.2218,0.0477,-0.2926,0.0211,-0.2925,0.1055,-0.2335,0.0212,-0.2427,0.0285,-0.2142,0.02,-0.0522,0.1322,-0.2863,0.0282,-9999.0,-9999.0,-0.0294,0.0475,-0.2422,0.2017,4,3,0.238,-0.198,0.017,0.038,0.017,11.517,4065.4,8.48
21,Berkeley_67,0.228423135,0.047051588500000005,-0.2035545,0.0168827695,-0.15719609,0.010649599749999999,2,Berkeley_67,154.83038038,2.489,69.45900837,50.77596673,0.082,2.316,0.124,-1.374,0.085,0.0237,0.3809,10.387,2216.0,9.1,10.237,0.122,0.3539,174.799,0.063,131.944,207.652,-0.1572,-0.3384,0.025,0.2136,0.0295,-0.2167,0.02,-0.07,0.02,-0.2036,0.02,-0.1974,0.0483,-0.156,0.02,-0.3471,0.0471,-0.0484,0.02,-0.2076,0.02,-0.1817,0.0268,-0.2373,0.0359,-0.3055,0.3703,-0.2188,0.02,-0.1741,0.02,-0.1572,0.02,-0.3714,0.142,-0.2083,0.02,-0.1745,0.1316,0.2284,0.0659,-0.4286,0.0484,2,2,0.53,2.255,0.007,-1.411,0.007,9.975,2007.9,8.82
22,Berkeley_71,0.11546938857142855,0.047185323428571437,-0.28489663285714284,0.01903775914285714,-0.23025823571428575,0.010794835714285715,7,Berkeley_71,176.63490304,0.901,85.24182446,32.27269948,0.036,0.65,0.162,-1.614,0.102,-9.4475,0.3396,11.933,3598.0,8.94,11.699,0.0863,0.1021,178.986,0.06,133.793,240.417,-0.2455,-0.3572,0.0519,0.1431,0.0599,-0.2804,0.104,-0.2384,0.0966,-0.3086,0.0284,-0.3175,0.0542,-0.2317,0.0261,-0.4098,0.2084,-0.0776,0.0852,-0.2782,0.0421,-0.2582,0.057,-0.2748,0.0756,0.163,0.0815,-0.3444,0.0594,-0.3101,0.0244,-0.2455,0.0247,-0.607,0.2577,-0.3058,0.0411,-0.0747,0.1319,0.1312,0.1155,-0.3988,0.2309,5,3,0.137,0.631,0.008,-1.657,0.008,11.619,3501.5,8.57
23,Berkeley_75,-0.11976987883333333,0.047526455333333335,-0.34318849999999995,0.023187606,-0.39448776,0.011161866666666668,3,Berkeley_75,234.30418847,-11.19,102.24899678,-23.9959872,0.032,-0.264,0.132,1.088,0.158,124.8424,0.1717,14.669,8304.0,9.23,13.297,-1.5792,1.4787,206.799,0.106,285.512,278.842,-0.408,-0.6107,0.0592,-0.0757,0.02,-0.3077,0.0404,-0.3395,0.02,-0.3475,0.0217,-0.2954,0.0492,-0.369,0.02,-0.4001,0.2587,-0.4626,0.115,-0.4507,0.0344,-0.3863,0.0341,-0.4835,0.0216,-0.3677,0.3059,-0.5198,0.0256,-0.4513,0.0373,-0.408,0.02,-0.3914,0.1323,-0.4246,0.02,-9999.0,-9999.0,-0.129,0.1313,-0.554,0.2239,2,4,0.449,-0.241,0.01,1.179,0.01,13.271,6829.6,9.27
24,Berkeley_77,0.4548301,0.04738329,-0.1342635,0.018902533,-0.09055108,0.01098195,1,Berkeley_77,219.25579413,5.176,110.35871954,-3.23881937,0.028,-1.001,0.107,-0.113,0.106,71.2923,0.02,11.361,3617.0,8.87,10.778,0.354,0.3377,191.576,0.059,139.78,218.528,-0.0906,-0.1936,0.02,0.2915,0.02,-0.0973,0.02,0.0005,0.02,-0.1343,0.02,-0.1206,0.0493,-0.1114,0.02,-0.179,0.0474,0.047,0.02,-0.2355,0.02,-0.0727,0.0235,-0.1445,0.02,-0.2981,0.0494,-0.2085,0.02,-0.0453,0.02,-0.0906,0.02,-0.1088,0.1321,-0.0762,0.02,-9999.0,-9999.0,0.4548,0.0474,-0.1636,0.0494,1,1,0.178,-0.971,0.008,-0.12,0.008,11.355,3845.5,8.98
25,Berkeley_85,0.37675921300000004,0.0467709752,-0.06649069699999999,0.0130861236,0.05446029300000001,0.0103540435,10,Berkeley_85,75.68896571,0.985,304.69858065,37.73113958,0.057,-2.94,0.116,-4.677,0.113,-34.2007,0.4913,8.213,3526.0,8.62,7.641,0.0793,0.0865,155.42,0.074,68.93,146.788,0.0545,0.0332,0.02,0.4443,0.0474,-0.0219,0.0684,0.2782,0.1074,-0.0573,0.0451,-0.0848,0.0773,0.0332,0.0433,0.0864,0.1063,0.0759,0.0591,-0.1786,0.2048,-0.0294,0.043,0.0229,0.0346,-0.1361,0.2287,-0.0648,0.2945,0.1769,0.0738,0.0646,0.0407,0.1465,0.1302,0.0778,0.0248,-9999.0,-9999.0,0.352,0.1423,0.2672,0.2818,9,3,0.21,-2.953,0.004,-4.673,0.004,8.041,3657.7,7.9
26,Berkeley_9,0.18348514,0.046902914,-0.1548985,0.01547317,-0.08017508,0.010494265,1,Berkeley_9,146.07141318,-2.82,53.17389187,52.65192139,0.053,1.493,0.162,0.037,0.137,-17.9653,0.0275,9.895,1814.0,9.14,10.06,-0.0647,0.3151,174.134,0.022,124.713,203.395,-0.0802,-0.2833,0.02,0.2482,0.02,-0.1246,0.02,0.0049,0.02,-0.1549,0.02,-0.1198,0.0479,-0.1004,0.02,0.1933,0.0469,-0.0139,0.02,-0.0853,0.02,-0.0861,0.0208,-0.1633,0.02,0.062,0.0479,-0.16,0.02,-0.118,0.02,-0.0802,0.02,-0.2595,0.1307,-0.1328,0.02,-0.1774,0.131,0.1835,0.0469,0.1029,0.0479,1,1,0.35,1.484,0.009,-0.024,0.009,9.57,1690.1,8.93
27,Berkeley_98,0.09779773039999999,0.0473151494,-0.0628986752,0.0188135414,-0.035655484599999995,0.010899840000000001,5,Berkeley_98,103.87074494,-5.636,340.66984316,52.40534299,0.062,-1.353,0.102,-3.186,0.1,-64.922,0.0428,9.788,3519.0,9.39,8.9,-0.3227,0.5511,159.678,0.093,122.458,177.205,-0.0251,-0.1564,0.0206,0.302,0.0608,-0.052,0.02,0.0726,0.0386,-0.0394,0.02,-0.0222,0.0489,-0.0114,0.02,0.19,0.0473,0.0102,0.0431,-0.031,0.02,-0.063,0.0233,-0.1116,0.0587,-0.4713,0.4668,-0.1009,0.0205,-0.0741,0.02,-0.0251,0.02,0.0444,0.1317,-0.0593,0.02,-9999.0,-9999.0,0.1492,0.0473,-0.0359,0.0489,2,2,0.449,-1.348,0.005,-3.258,0.005,9.662,3643.4,9.09
28,COIN-Gaia_25,0.24548113,0.046522733,-0.1294025,0.012057637,-0.010745085,0.010106955,1,COIN-Gaia_25,189.72693107,-0.147,91.66149749,20.45690363,0.291,-0.499,0.152,-2.595,0.124,-14.4829,0.0248,9.153,824.0,8.75,9.712,0.0207,0.0284,180.871,0.123,98.137,198.414,-0.0107,-0.1334,0.02,0.3949,0.02,-0.1063,0.02,0.0512,0.02,-0.1294,0.02,-0.0652,0.0467,-0.0495,0.02,0.0564,0.0465,0.01,0.02,-0.0738,0.02,-0.0197,0.02,-0.0806,0.02,-0.2019,0.0467,-0.0513,0.02,0.0119,0.02,-0.0107,0.02,-0.0428,0.1295,-0.0712,0.02,-9999.0,-9999.0,0.2455,0.0465,0.0375,0.0467,1,1,1.201,-0.492,0.015,-2.651,0.015,8.901,789.0,8.76
29,Collinder_220,0.33476013,0.046525978,-0.1921735,0.011152967,-0.11677108,0.010109745,1,Collinder_220,284.54589389,-0.352,156.4225215,-57.9234578,0.109,-7.339,0.094,2.677,0.102,-12.5048,0.0238,8.08,2457.0,8.37,8.783,0.0042,0.1393,197.116,0.092,88.79,175.306,-0.1168,-0.1879,0.02,0.3049,0.02,-0.1429,0.02,0.1108,0.02,-0.1922,0.02,-0.189,0.0467,-0.1306,0.02,0.0031,0.0465,0.0324,0.02,-0.261,0.02,-0.1745,0.02,-0.2223,0.02,-0.3139,0.0467,-0.241,0.02,-0.0659,0.02,-0.1168,0.02,-0.0816,0.1295,-0.1938,0.02,-9999.0,-9999.0,0.3348,0.0465,-0.0622,0.0467,1,1,0.478,-7.348,0.007,2.705,0.007,7.866,2314.0,8.31
30,Collinder_261,0.12984746333333333,0.04678308750000001,-0.011462729616666667,0.01324982325,-0.005040350916666666,0.010367666666666667,6,Collinder_261,301.69880546,-5.541,189.52659743,-68.38076034,0.108,-6.351,0.165,-2.705,0.16,-25.2307,0.1266,7.262,2850.0,9.8,7.586,-0.2581,0.5261,199.409,0.056,97.996,147.886,-0.0035,-0.077,0.0535,0.2855,0.1051,0.0106,0.02,0.094,0.0918,-0.0115,0.02,0.0323,0.0476,0.0147,0.02,0.031,0.0809,0.0548,0.0447,-0.0326,0.0394,-0.0522,0.0252,-0.0319,0.02,-0.2883,0.1037,-0.0357,0.0248,0.055,0.0272,-0.0035,0.02,0.1271,0.1303,-0.0089,0.02,-9999.0,-9999.0,0.1431,0.0468,0.0483,0.1706,5,4,0.272,-6.367,0.003,-2.678,0.003,7.099,2676.9,9.3
31,Czernik_20,0.24330231666666666,0.04751509,-0.2099735,0.023964853666666664,-0.1640144166666667,0.011151866666666668,3,Czernik_20,168.28874022,1.442,80.1333187,39.54351931,0.032,0.619,0.102,-1.583,0.061,31.2596,0.57,11.775,3488.0,9.22,11.91,0.1171,0.1262,176.554,0.124,143.238,249.261,-0.164,-0.3474,0.0539,0.1657,0.0576,-0.1503,0.0722,-0.1039,0.0244,-0.21,0.024,-0.2094,0.0498,-0.1682,0.0273,-0.3366,0.6098,-0.0517,0.0735,-0.0892,0.0561,-0.1579,0.0369,-0.2622,0.0306,-0.0061,0.225,-0.2021,0.0698,-0.2276,0.02,-0.164,0.02,-0.3071,0.1864,-0.2461,0.02,-0.4057,0.1334,0.2433,0.1067,-0.3355,0.0807,3,2,0.114,0.543,0.007,-1.59,0.007,11.168,3093.6,9.28
32,Czernik_21,-0.065296535,0.047413087333333326,-0.34626022,0.020398926666666668,-0.3310677533333333,0.011016516666666669,3,Czernik_21,171.88716517,0.459,81.67558663,36.01833301,0.053,2.244,0.2,-0.907,0.179,44.4189,1.0018,12.349,4036.0,9.41,11.916,0.0631,1.2187,177.356,0.161,242.667,254.855,-0.3179,-0.4469,0.0306,-0.1404,0.02,-0.2587,0.0891,-0.2865,0.0603,-0.3463,0.0255,-0.3499,0.066,-0.3226,0.02,-0.364,0.2702,-0.2057,0.1944,-0.3289,0.0371,-0.2927,0.0282,-0.3905,0.0309,-0.1813,0.1437,-0.3904,0.02,-0.3683,0.0324,-0.3311,0.0233,-0.2362,0.2225,-0.3981,0.053,-0.2296,0.1327,-0.0653,0.0787,-0.4817,0.473,3,2,0.413,2.184,0.008,-0.891,0.008,11.4,3301.3,9.02
33,Czernik_23,0.023210121,0.046811223,-0.3731275,0.015257854,-0.3341811,0.010422215,1,Czernik_23,180.54046537,0.822,87.52756915,28.89828294,0.05,0.08,0.138,-1.794,0.171,17.8048,0.0284,12.307,3968.0,8.43,12.074,0.0876,0.2153,180.174,0.03,153.105,248.62,-0.2424,-0.4939,0.02,0.0679,0.02,-0.3795,0.02,-0.2095,0.02,-0.3731,0.02,-0.456,0.0477,-0.3654,0.02,-0.0553,0.0468,-0.1536,0.02,-0.3848,0.02,-0.3424,0.0206,-0.4611,0.02,0.209,0.0476,-0.5056,0.02,-0.3932,0.02,-0.3342,0.02,-0.6518,0.1306,-0.3944,0.02,-2.0367,0.1314,0.0232,0.0468,-0.506,0.0477,1,1,0.249,0.019,0.01,-1.796,0.01,11.156,3034.6,8.63
34,Czernik_30,-0.06443653666666667,0.047300036999999996,-0.3832739333333333,0.017413090333333336,-0.3815510933333333,0.010900583333333333,3,Czernik_30,226.33649988,4.157,112.79532982,-9.94609074,0.03,-0.587,0.138,-0.097,0.142,81.5127,0.2926,13.779,6647.0,9.46,12.393,0.5141,0.4695,200.371,0.133,191.087,257.722,-0.3816,-0.5169,0.02,-0.1367,0.02,-0.3404,0.0241,-0.4679,0.2041,-0.3833,0.0265,-0.3613,0.0491,-0.3677,0.02,0.0545,0.1274,-0.2383,0.1222,-0.4032,0.02,-0.4021,0.0223,-0.4387,0.02,-0.717,0.1889,-0.4676,0.0455,-0.4051,0.0247,-0.3816,0.02,-0.3004,0.1319,-0.394,0.02,-0.091,0.1323,-0.0644,0.0473,-0.4248,0.2346,3,2,0.208,-0.612,0.009,-0.066,0.009,13.1,6108.6,9.03
35,Czernik_9,0.81780016,0.047133487,-0.22456451,0.01664032,-0.07009208,0.01071575,1,Czernik_9,135.42387078,-0.489,38.39419459,59.88243383,0.037,-0.912,0.154,0.272,0.195,-47.2842,0.02,10.942,3304.0,8.38,11.305,-0.0015,0.131,167.765,0.046,129.944,232.541,-0.0701,-0.0417,0.02,0.1744,0.02,-0.2441,0.02,-0.0613,0.02,-0.2246,0.02,-0.2814,0.0486,-0.0998,0.02,-0.2947,0.0471,0.2368,0.02,-0.2057,0.02,-0.1466,0.0216,-0.1012,0.02,-0.3872,0.0486,-0.1181,0.02,-0.0986,0.02,-0.0701,0.02,-0.2674,0.1313,-0.0659,0.02,0.0102,0.1321,0.8178,0.0471,0.0987,0.0486,1,1,0.207,-0.935,0.007,0.23,0.007,10.314,2810.0,8.33
36,FSR_0494,0.28437811874999996,0.047506949500000006,-0.09102899,0.021853665249999998,-0.0276078346,0.011105537500000002,4,FSR_0494,120.07817723,1.027,6.3959935,63.75551362,0.056,-2.503,0.109,-0.844,0.073,-63.966,0.6071,10.963,4073.0,8.95,11.434,0.0989,0.1443,161.249,0.065,134.239,236.302,-0.0276,-0.1842,0.0352,0.3521,0.0318,-0.1003,0.0272,0.1382,0.1524,-0.091,0.0219,-0.1263,0.0497,-0.0542,0.0231,0.1786,0.1267,-0.0138,0.0733,-0.1163,0.1354,-0.0437,0.0338,-0.135,0.029,0.0795,0.0845,-0.0453,0.0809,-0.0585,0.02,-0.0276,0.0224,-0.4447,0.3381,-0.0797,0.0315,-0.0619,0.1332,0.2844,0.1139,-0.046,0.0843,4,2,0.209,-2.509,0.006,-0.906,0.006,10.685,3977.4,8.44
37,FSR_0496,0.18318713,0.046745505,-0.16354351,0.014377531,-0.11773109,0.01033624,1,FSR_0496,120.18176986,1.257,6.57854305,63.99421355,0.091,2.231,0.093,-0.621,0.117,-23.2255,0.0247,9.139,1423.0,9.31,8.808,0.0538,0.0565,172.266,0.068,83.12,173.448,-0.1186,-0.295,0.02,0.1124,0.02,-0.1656,0.02,-0.0659,0.02,-0.1635,0.02,-0.1444,0.0474,-0.1355,0.02,-0.0897,0.0468,-0.0428,0.02,-0.0467,0.02,-0.1046,0.02,-0.1728,0.02,-0.1302,0.0475,-0.1905,0.02,-0.1722,0.02,-0.1177,0.02,-0.1648,0.1302,-0.1644,0.02,-0.1034,0.1304,0.1832,0.0467,-0.0735,0.0474,1,2,0.672,2.22,0.006,-0.677,0.006,8.945,1459.9,8.73
38,FSR_0553,0.06410713,0.047711886,-0.22531751,0.024068702,-0.1758211,0.0113106,1,FSR_0553,128.22129111,2.143,25.21813238,64.50629389,0.046,-3.243,0.093,0.086,0.145,-48.2127,0.02,10.443,2974.0,9.53,11.551,0.1366,0.1561,167.08,0.139,141.77,244.383,-0.1758,-0.358,0.0246,0.0724,0.02,-0.2323,0.02,-0.2262,0.02,-0.2253,0.0241,-0.1764,0.0503,-0.2238,0.0206,-0.4001,0.0478,-0.1676,0.02,-0.2635,0.02,-0.2062,0.0273,-0.3243,0.024,-0.4344,0.0506,-0.214,0.02,-0.2184,0.02,-0.1758,0.02,-0.2458,0.1332,-0.2922,0.02,-9999.0,-9999.0,0.0641,0.0477,-0.4111,0.0504,1,1,0.341,-3.269,0.011,0.066,0.011,10.006,2684.0,8.76
39,FSR_0667,0.18348838,0.0465421195,-0.125496505,0.012126059000000002,-0.034953084999999995,0.0101270375,2,FSR_0667,151.15203224,-0.674,61.77693711,51.14963997,0.068,0.901,0.135,-3.87,0.196,2.9182,0.6365,9.392,1182.0,8.85,9.604,0.0095,0.0755,176.519,0.047,96.163,192.5,-0.035,-0.2077,0.0279,0.3513,0.02,-0.1243,0.02,-0.0337,0.043,-0.1255,0.02,-0.0696,0.0468,-0.0272,0.02,-0.0064,0.0465,-0.0098,0.0223,-0.1057,0.0286,-0.0589,0.02,-0.1329,0.0352,-0.0167,0.0621,-0.0905,0.02,-0.0371,0.02,-0.035,0.02,-0.1127,0.1295,-0.0939,0.02,-9999.0,-9999.0,0.1835,0.0465,-0.1262,0.0507,2,2,0.438,0.851,0.017,-3.757,0.017,9.12,1121.6,8.51
40,FSR_0716,0.008220135,0.047261737,-0.39092848,0.021719296,-0.3362211,0.0108785,1,FSR_0716,162.25143758,3.626,77.79319062,45.72307987,0.052,-0.265,0.126,-1.628,0.1,7.6604,0.0453,11.788,3575.0,8.94,12.201,0.2553,0.4357,174.706,0.086,185.798,255.233,-0.3362,-0.3382,0.0226,0.0089,0.02,-0.2352,0.02,-0.381,0.02,-0.3909,0.0217,-0.3571,0.049,-0.3314,0.02,-0.2654,0.0473,-0.2517,0.02,-0.3261,0.02,-0.3164,0.0254,-0.4122,0.0217,0.0941,0.0489,-0.4469,0.02,-0.4517,0.02,-0.3362,0.02,-0.3661,0.1319,-0.395,0.02,-0.1822,0.1321,0.0082,0.0473,-0.1366,0.0489,1,1,0.192,-0.323,0.006,-1.701,0.006,11.402,3399.3,8.95
41,FSR_0893,0.57098013,0.046699937,-0.1502245,0.013435787,-0.09511108,0.01029877,1,FSR_0893,189.50730667,1.826,93.39873022,21.60188631,0.1,-0.355,0.147,-3.215,0.15,39.3933,0.02,10.642,2328.0,8.75,10.061,0.1007,0.2416,182.07,0.074,116.748,202.561,-0.0951,-0.1155,0.02,0.1551,0.02,0.277,0.02,0.4998,0.02,-0.1502,0.02,-0.0843,0.0473,-0.1975,0.02,-0.3967,0.0467,-9999.0,-9999.0,0.007,0.02,-0.309,0.02,-0.0776,0.02,-0.1314,0.0473,-0.002,0.02,-0.2104,0.02,-0.0951,0.02,-0.0679,0.1301,-0.0273,0.02,-9999.0,-9999.0,0.571,0.0467,-0.2704,0.0473,1,1,0.784,-0.321,0.008,-3.18,0.008,10.19,2092.0,8.26
42,FSR_0941,0.053843133,0.04727819,-0.30158147,0.019828042,-0.2821411,0.0108981,1,FSR_0941,195.55949797,0.755,95.43182365,15.76656872,0.041,0.758,0.176,0.139,0.197,20.6195,0.036,12.594,4359.0,8.67,13.479,0.0887,0.8426,185.327,0.101,261.295,287.988,-0.2821,-0.4175,0.0219,-0.1781,0.02,-0.3382,0.02,-0.491,0.02,-0.3016,0.02,-0.3592,0.0491,-0.3026,0.02,-1.1398,0.0476,-0.2626,0.02,-0.5659,0.02,-0.2939,0.0241,-0.3025,0.02,-0.0407,0.0491,-0.4641,0.02,-0.3872,0.02,-0.2821,0.02,-0.4161,0.132,-0.3528,0.02,-0.059,0.1321,0.0538,0.0473,-0.813,0.0494,1,1,0.274,0.782,0.009,0.122,0.009,12.054,4031.0,8.66
43,FSR_0942,-0.077669874,0.04724034,-0.28675348,0.020111471,-0.28020108,0.0108394,1,FSR_0942,195.58628406,-3.582,91.50603523,13.66999942,0.069,-0.412,0.174,0.092,0.129,29.1618,0.0345,11.653,3409.0,8.86,12.79,-0.184,0.2061,184.499,0.108,173.176,271.393,-0.2802,-0.4219,0.0226,0.0791,0.02,-0.3437,0.02,-0.1801,0.02,-0.2868,0.0201,-0.3256,0.0488,-0.2621,0.02,-0.3573,0.0473,-0.1871,0.02,-0.4119,0.02,-0.3031,0.0243,-0.3193,0.0201,0.1304,0.0488,-0.6035,0.02,-0.4036,0.02,-0.2802,0.02,-0.5351,0.1319,-0.3724,0.02,-9999.0,-9999.0,-0.0777,0.0472,-0.6051,0.0491,1,1,0.391,-0.428,0.008,0.078,0.008,10.919,2879.4,8.76
44,FSR_0951,0.49493012,0.047076188,-0.4970625,0.014453249,-0.43125108,0.010675,1,FSR_0951,196.58905947,0.329,95.54360491,14.65764314,0.164,0.242,0.12,0.07,0.105,52.4482,0.02,10.036,1757.0,8.72,10.371,0.0351,0.1875,182.865,0.092,119.137,212.336,-0.4313,-0.3144,0.02,-0.2212,0.02,-0.4558,0.02,-0.5773,0.02,-0.4971,0.02,-0.8128,0.0485,-0.4646,0.02,-0.0578,0.0471,-0.3185,0.02,-0.5747,0.02,-0.4085,0.0201,-0.4206,0.02,-0.6628,0.0486,-0.3047,0.02,-0.3857,0.02,-0.4313,0.02,-0.2996,0.1312,-0.3584,0.02,-9999.0,-9999.0,0.4949,0.0471,-0.2228,0.0484,1,1,0.496,0.226,0.007,0.013,0.007,9.706,1641.3,8.76
45,FSR_0974,0.19374013,0.04690709,-0.2814115,0.014442774,-0.2131611,0.010499835,1,FSR_0974,199.62832271,1.594,98.15033129,12.55628031,0.049,-0.463,0.15,-0.345,0.139,52.7053,0.02,12.076,3893.0,7.95,12.539,0.1382,0.1476,186.214,0.058,156.813,261.523,-0.2132,-0.4289,0.02,0.258,0.02,-0.2085,0.02,-0.0937,0.02,-0.2814,0.02,-0.2238,0.0479,-0.2209,0.02,-0.2973,0.0469,-0.1219,0.02,-0.1988,0.02,-0.2666,0.02,-0.3079,0.02,-1.277,0.0479,-0.2965,0.02,-0.2123,0.02,-0.2132,0.02,-0.1839,0.1307,-0.2683,0.02,-0.0019,0.1311,0.1937,0.0469,-0.7889,0.048,1,1,0.248,-0.5,0.009,-0.306,0.009,10.907,2910.9,8.42
46,FSR_1083,-0.1262248765,0.047956824499999995,-0.2577035,0.02606202,-0.24887608,0.011509052499999999,2,FSR_1083,213.24669957,8.432,110.51647848,3.5562762,0.034,-0.331,0.143,0.245,0.16,102.9876,0.3815,12.661,4884.0,9.3,12.564,0.7471,0.9396,192.078,0.046,236.51,261.58,-0.2648,-0.3121,0.0511,-0.0067,0.0281,-0.1118,0.0998,-0.1383,0.1506,-0.2577,0.0289,-0.2755,0.051,-0.2227,0.0241,-0.4586,0.2916,-0.3575,0.1691,-0.1302,0.1162,-0.2295,0.0542,-0.3327,0.0289,-0.3941,0.0513,-0.3007,0.0374,-0.2662,0.02,-0.2489,0.02,-0.0903,0.1337,-0.3177,0.0261,-0.046,0.1346,-0.1262,0.1572,-0.3932,0.1454,2,2,0.207,-0.359,0.01,0.233,0.01,11.972,4349.4,9.09
47,FSR_1113,1.1485602,0.04726669,-0.36617547,0.020926408,-0.3477211,0.0108247,1,FSR_1113,216.29904206,3.258,107.29548563,-1.50548544,0.024,-0.566,0.079,1.913,0.083,68.9446,0.0437,11.586,3767.0,9.44,12.623,0.2424,0.6217,191.079,0.117,219.436,268.849,-0.3477,-0.0843,0.0206,0.1447,0.02,-0.3462,0.02,-0.2242,0.02,-0.3662,0.0209,-0.3678,0.0489,-0.3081,0.02,-0.4077,0.0472,-0.1259,0.02,-0.4675,0.02,-0.3222,0.0248,-0.4848,0.021,-0.0305,0.0489,-0.3167,0.02,-0.4117,0.02,-0.3477,0.02,-0.9783,0.1316,-0.4317,0.02,-0.2162,0.1327,-9999.0,-9999.0,-2.0442,0.0497,1,1,0.262,-0.55,0.015,1.894,0.015,11.573,3984.8,9.13
48,FSR_1595,0.15182842,0.047221188,0.018477503,0.018167943,0.09642092,0.0108026,1,FSR_1595,295.61230771,-0.683,176.76844167,-62.63627062,0.03,-6.779,0.123,1.373,0.117,-4.1357,0.0306,7.727,5384.0,8.84,7.708,-0.0492,0.0494,218.916,0.016,68.272,147.823,0.0964,-0.0026,0.02,0.5034,0.02,0.0154,0.02,0.2825,0.02,0.0185,0.02,0.065,0.0488,0.0918,0.02,-0.2292,0.0472,0.1067,0.02,0.0753,0.02,0.0192,0.0228,0.0155,0.02,-0.1215,0.0489,0.0784,0.02,0.1472,0.02,0.0964,0.02,-0.0081,0.1316,0.0666,0.02,-9999.0,-9999.0,0.1518,0.0472,0.4203,0.0488,1,1,0.173,-6.735,0.006,1.332,0.006,7.348,4104.6,7.68
49,Haffner_4,0.32061014,0.04721544,-0.2327925,0.019753674,-0.17265108,0.01083955,1,Haffner_4,227.94410493,-3.626,106.51494886,-15.00527408,0.024,-0.417,0.11,0.904,0.099,59.6528,0.0418,12.3,5051.0,8.66,12.346,-0.2903,0.3207,197.715,0.082,173.94,257.022,-0.1727,-0.2602,0.0205,0.2319,0.02,-0.1933,0.02,-0.2958,0.02,-0.2328,0.02,-0.215,0.0489,-0.2572,0.02,0.0345,0.0472,0.011,0.02,-0.0678,0.02,-0.1891,0.0239,-0.1904,0.02,0.299,0.0488,-0.2761,0.02,-0.1933,0.02,-0.1727,0.02,-1.1402,0.132,-0.243,0.02,-0.0601,0.1321,0.3206,0.0472,-0.3462,0.049,1,1,0.148,-0.407,0.007,0.96,0.007,11.238,4046.8,8.71
50,Haffner_6,0.16886678219999998,0.047266639,-0.30007382666666665,0.018765975166666667,-0.2495644166666667,0.010860683166666668,3,Haffner_6,227.86088764,0.22,109.99079652,-13.15152991,0.049,-1.22,0.095,1.96,0.102,69.9763,0.6975,11.81,4466.0,8.79,12.665,0.0454,0.1257,196.284,0.081,158.642,266.386,-0.2496,-0.4025,0.02,0.1808,0.0233,-0.2617,0.0307,-0.18,0.0698,-0.3001,0.02,-0.2858,0.049,-0.2463,0.0229,-0.3588,0.2804,-0.0915,0.0381,-0.3187,0.0434,-0.3119,0.038,-0.3333,0.0219,-0.4862,0.2188,-0.2895,0.0599,-0.2448,0.02,-0.2496,0.02,-0.3469,0.1318,-0.3198,0.0249,0.0496,0.132,0.1689,0.1188,-0.5059,0.1835,3,2,0.271,-1.253,0.005,2.0,0.005,11.52,4371.2,8.64
51,IC_1369,0.23413788,0.04713846225,-0.1839355,0.018603665875,-0.0948598325,0.01072545375,4,IC_1369,89.60990389,-0.394,318.03262446,47.77571808,0.043,-4.644,0.121,-5.609,0.111,-48.6653,0.0865,8.948,3301.0,8.46,9.045,-0.0019,0.0069,158.354,0.142,87.789,182.773,-0.1039,-0.1985,0.02,0.3194,0.0681,-0.1715,0.0306,0.0039,0.0662,-0.1743,0.0347,-0.2144,0.0473,-0.1266,0.0407,-0.0038,0.0467,0.0542,0.0836,-0.0842,0.0454,-0.136,0.0264,-0.2247,0.0412,-0.1483,0.0751,-0.1888,0.0203,-0.0851,0.0262,-0.1039,0.0289,-0.1327,0.1301,-0.1764,0.028,-9999.0,-9999.0,0.2558,0.0941,0.0426,0.1015,3,2,0.336,-4.603,0.006,-5.629,0.006,8.792,3422.5,8.26
52,IC_166,0.21037430165384616,0.04777713346153846,-0.15428349653846155,0.02557560111538461,-0.09816289215384615,0.011381977673076922,26,IC_166,130.04826504,-0.172,28.08573811,61.85513377,0.06,-1.439,0.122,1.126,0.144,-40.4123,1.3152,12.418,5285.0,9.12,14.187,0.0134,1.0857,160.987,0.166,308.2,312.893,-0.098,-0.2413,0.0769,0.2575,0.1137,-0.1635,0.0787,0.0256,0.1007,-0.1517,0.0473,-0.1246,0.1076,-0.0979,0.0777,0.014,0.2585,0.0072,0.1049,-0.1166,0.0886,-0.13,0.0706,-0.2049,0.0784,0.0774,0.2922,-0.1124,0.0974,-0.1172,0.0518,-0.098,0.0404,-0.2164,0.2386,-0.1468,0.0535,-0.2308,0.3113,0.2149,0.1804,-0.1845,0.234,23,3,0.192,-1.461,0.003,1.076,0.003,11.475,4418.9,8.89
53,IC_361,0.40610012,0.050377738,-0.2650925,0.059962735,-0.1734711,0.01422145,1,IC_361,147.51180138,5.659,64.73265953,58.25086946,0.068,1.721,0.129,-1.139,0.123,-37.4383,0.02,11.502,3576.0,8.91,10.312,0.3809,0.4388,170.433,0.115,140.997,209.073,-0.1735,-0.4594,0.0631,0.2614,0.0236,-0.3132,0.035,0.6293,0.0213,-0.2651,0.06,-0.0962,0.0586,-0.2706,0.0475,-1.3259,0.0507,-0.1177,0.0225,-0.1698,0.0228,-0.2396,0.0541,-0.5294,0.0609,0.8484,0.0574,-0.4776,0.0276,-0.231,0.0208,-0.1735,0.02,0.1085,0.1414,-0.2986,0.02,-0.8263,0.1459,0.4061,0.0504,0.5731,0.0577,1,1,0.223,1.693,0.003,-1.183,0.003,11.271,3552.9,8.91
54,King_1,0.11832855766666667,0.04724749833333333,-0.1103905,0.018038097,-0.041673750333333336,0.010830528333333332,3,King_1,119.76559965,1.691,5.52298408,64.38266553,0.155,-4.947,0.154,-1.273,0.126,-53.1356,0.1963,9.318,1727.0,9.56,9.475,0.0739,0.0762,170.746,0.125,95.642,192.15,-0.0417,-0.1716,0.0396,0.2256,0.0414,-0.0868,0.02,0.033,0.0859,-0.1104,0.0223,-0.0869,0.0489,-0.0401,0.0349,-0.0254,0.1336,-0.0184,0.02,-0.0115,0.0603,-0.0551,0.0234,-0.138,0.0324,-0.2503,0.0555,-0.0916,0.048,-0.0557,0.0284,-0.0417,0.02,-0.0565,0.1317,-0.1017,0.02,-9999.0,-9999.0,0.1183,0.0726,0.0259,0.062,3,2,0.323,-4.936,0.004,-1.307,0.004,9.101,1723.7,9.02
55,King_13,0.29527012,0.047052287,-0.2680325,0.015696844,-0.18626109,0.0106395,1,King_13,117.97365091,-1.306,2.53754876,61.16796768,0.071,-2.746,0.104,-0.839,0.086,-48.3201,0.02,10.467,3525.0,8.7,11.141,-0.0554,0.0718,162.701,0.074,123.385,230.2,-0.1863,-0.3248,0.02,0.2099,0.02,-0.2457,0.02,-0.1141,0.02,-0.268,0.02,-0.2703,0.0483,-0.2276,0.02,-0.3003,0.0471,-0.1291,0.02,-0.1792,0.02,-0.2256,0.021,-0.2466,0.02,0.3892,0.0483,-0.1827,0.02,-0.2351,0.02,-0.1863,0.02,-0.1594,0.1311,-0.2575,0.02,-0.1156,0.1317,0.2953,0.0471,-0.2319,0.0483,1,1,0.222,-2.729,0.004,-0.876,0.004,10.3,3581.9,8.52
56,King_15,0.60035014,0.04669578,-0.1693125,0.0124724265,-0.099871084,0.01028421,1,King_15,120.76776951,-0.94,8.26841844,61.85439133,0.041,-2.326,0.104,-0.862,0.107,-64.6148,0.0282,10.495,3403.0,8.47,10.49,-0.0307,0.0549,163.827,0.056,109.35,212.852,-0.0999,-0.121,0.02,0.2836,0.02,-0.2285,0.02,-0.2514,0.02,-0.1693,0.02,-0.2093,0.0473,-0.1255,0.02,-0.0566,0.0467,0.0697,0.02,-0.2796,0.02,-0.1255,0.02,-0.091,0.02,-0.2119,0.0473,-0.1016,0.02,-0.0863,0.02,-0.0999,0.02,-0.1877,0.13,-0.1584,0.02,-9999.0,-9999.0,0.6004,0.0467,0.0373,0.0473,1,1,0.229,-2.302,0.006,-0.893,0.006,10.119,3173.1,8.37
57,King_2,0.19264613,0.04734904,-0.117364496,0.018305838,-0.17602108,0.01096125,1,King_2,122.86805961,-4.684,12.73872828,58.18735587,0.051,-1.358,0.112,-0.824,0.14,-42.3526,0.0305,13.264,6760.0,9.61,14.668,-0.5221,0.853,154.748,0.164,302.728,321.069,-0.176,-0.2841,0.02,0.0028,0.02,-0.1321,0.02,-0.1444,0.02,-0.1174,0.02,-0.1976,0.0492,-0.144,0.02,0.1228,0.0474,-0.2176,0.02,-0.1033,0.02,-0.1904,0.0228,-0.2007,0.02,-0.6348,0.0496,-0.3111,0.02,-0.2251,0.02,-0.176,0.02,-0.0703,0.132,-0.191,0.02,-9999.0,-9999.0,0.1926,0.0473,-0.0603,0.0492,1,1,0.221,-1.419,0.007,-0.844,0.007,11.741,5155.8,9.04
58,King_23,0.29104637,0.047486875,-0.109256599,0.020279400625000003,-0.030095907749999998,0.011081342499999999,4,King_23,217.29959235,6.307,110.46217157,-0.98995596,0.059,-0.457,0.084,-0.879,0.086,53.5757,0.0763,10.983,3136.0,9.29,10.253,0.3715,0.3492,189.904,0.081,130.704,206.804,-0.0096,-0.1789,0.0271,0.2353,0.0275,-0.0529,0.0354,-0.126,0.1604,-0.1269,0.0224,-0.0591,0.0834,-0.078,0.0328,-0.023,0.0483,-0.077,0.0704,-0.0723,0.0452,-0.0863,0.0616,-0.053,0.0559,0.0214,0.1741,-0.117,0.0747,0.0053,0.0233,-0.036,0.0392,0.0112,0.1327,-0.095,0.0292,-0.346,0.1365,0.2832,0.0646,-0.167,0.2696,3,2,0.274,-0.496,0.008,-0.857,0.008,10.766,3126.4,9.07
59,King_5,0.03787962999999999,0.046777321499999996,-0.194937,0.0145033935,-0.15197608499999998,0.0103569175,2,King_5,143.76178518,-4.276,48.67722457,52.70312699,0.091,-0.282,0.152,-1.2,0.127,-44.005,0.7448,10.526,2581.0,9.01,10.362,-0.1665,0.1779,171.69,0.05,116.01,209.473,-0.152,-0.2927,0.02,0.2066,0.0478,-0.1583,0.0389,-0.113,0.02,-0.1949,0.0239,-0.1797,0.0496,-0.163,0.0449,0.1339,0.0468,-0.1087,0.02,-0.1384,0.0607,-0.1913,0.0568,-0.1892,0.0231,-0.1632,0.2372,-0.1646,0.0232,-0.1387,0.02,-0.152,0.028,-0.1422,0.1302,-0.2049,0.02,-9999.0,-9999.0,0.0379,0.1316,-0.4263,0.1404,2,2,0.199,-0.304,0.005,-1.265,0.005,10.042,2274.2,8.82
60,King_7,0.20167662749999998,0.04661540475,-0.2084342525,0.012237634499999999,-0.17126609250000002,0.010200551249999999,4,King_7,149.79972767,-1.014,59.78614717,51.78726644,0.06,1.121,0.22,-1.196,0.181,-10.3903,0.1612,11.194,3171.0,8.35,11.01,-0.0285,0.1094,171.809,0.075,121.934,225.137,-0.1557,-0.211,0.02,0.152,0.1555,-0.2104,0.032,-0.0671,0.0927,-0.2084,0.0339,-0.3066,0.047,-0.2253,0.0491,0.002,0.0498,-0.0048,0.0549,-0.241,0.0704,-0.2175,0.02,-0.3075,0.0468,-0.489,0.508,-0.1405,0.1366,-0.111,0.0508,-0.1713,0.0301,-0.148,0.1298,-0.2245,0.02,-9999.0,-9999.0,0.2017,0.0696,-0.2684,0.1103,4,3,0.289,1.129,0.005,-1.187,0.005,10.692,2860.8,8.28
61,King_8,0.15689503,0.04758909,-0.28362048,0.02301153,-0.2186911,0.0111994,1,King_8,176.38385967,3.104,87.3269339,33.6346266,0.025,0.52,0.176,-1.743,0.145,-1.025,0.0382,13.842,5517.0,8.92,12.745,0.3332,0.3292,178.562,0.09,181.836,263.818,-0.2187,-0.3244,0.0233,0.1592,0.02,-0.226,0.02,-0.0673,0.02,-0.2836,0.023,-0.3053,0.05,-0.2573,0.02,0.0723,0.0476,0.1519,0.02,-0.2928,0.02,-0.2364,0.0265,-0.3006,0.0231,-0.2107,0.0501,-0.0928,0.02,-0.236,0.02,-0.2187,0.02,-0.3675,0.1329,-0.2457,0.02,-0.0246,0.1334,0.1569,0.0476,-0.3496,0.05,1,1,0.189,0.458,0.006,-1.704,0.006,12.899,4787.8,8.7
62,Melotte_71,0.04101155741428571,0.04710655885714286,-0.20604992428571428,0.018173054714285715,-0.13221108842857143,0.010697777857142859,7,Melotte_71,228.94222835,4.504,114.37757148,-12.05782944,0.075,-2.446,0.115,4.21,0.113,50.6321,0.5914,9.872,2139.0,8.99,10.817,0.1923,0.307,189.374,0.12,142.616,225.779,-0.1369,-0.2537,0.0471,0.18,0.0682,-0.1393,0.0356,0.0006,0.1667,-0.2141,0.0433,-0.1609,0.061,-0.1423,0.0227,-0.0369,0.2705,-0.1166,0.1405,-0.2095,0.1426,-0.1427,0.0271,-0.1747,0.0388,0.0594,0.1874,-0.0912,0.0587,-0.1619,0.0368,-0.1369,0.0233,-0.3052,0.1311,-0.1896,0.0253,-0.0857,0.1314,-0.0043,0.1909,-0.305,0.0773,6,3,0.35,-2.389,0.003,4.216,0.003,9.622,2091.2,9.11
63,Melotte_72,0.12395079168666667,0.048459739,-0.15213084833333332,0.03391388666666667,-0.14202441833333332,0.012082533333333333,3,Melotte_72,227.8629957,5.369,114.61852776,-10.69819864,0.053,-4.159,0.11,3.68,0.093,71.5579,0.158,10.325,2684.0,8.99,11.208,0.2764,0.379,191.066,0.177,162.083,239.062,-0.2295,-0.2239,0.0763,0.1238,0.0772,-0.1272,0.1608,0.1142,0.0486,-0.1521,0.0606,-0.1089,0.0797,-0.0914,0.0553,-0.8814,0.7016,0.1631,0.1185,-0.0823,0.0777,-0.1865,0.0473,-0.2155,0.0601,-0.1287,0.167,-0.1015,0.0503,-0.2225,0.049,-0.142,0.0298,0.0249,0.1704,-0.2394,0.0419,-0.1891,0.1369,0.124,0.0898,-0.176,0.4587,3,2,0.279,-4.15,0.005,3.692,0.005,9.909,2426.7,9.11
64,NGC_1193,-0.4435198633333333,0.04730066333333333,-0.3077254933333333,0.018042672,-0.34402776000000007,0.010836123333333331,3,NGC_1193,146.8151997,-12.16,46.48630962,44.38170655,0.027,-0.125,0.281,-0.329,0.244,-84.6942,0.2105,12.705,4988.0,9.71,12.319,-1.02,1.1534,167.876,0.14,246.116,260.17,-0.3379,-0.394,0.02,-0.1426,0.0336,-0.2981,0.0289,-0.3595,0.0655,-0.3077,0.02,-0.2983,0.1105,-0.3211,0.0275,-0.7081,0.818,-0.174,0.0536,-0.2256,0.0267,-0.3154,0.0562,-0.3645,0.048,-0.4672,0.096,-0.3484,0.0282,-0.3565,0.0691,-0.344,0.02,-0.2225,0.1317,-0.3349,0.0239,-0.1502,0.1894,-0.4435,0.1631,-0.6809,0.0864,3,1,0.163,-0.22,0.007,-0.426,0.007,12.726,5193.5,9.34
65,NGC_1245,0.20007203327272727,0.047120379590909096,-0.16648058954545455,0.018578773409090907,-0.08167703827272726,0.010717247499999999,22,NGC_1245,146.66946584,-8.919,48.71134697,47.23507987,0.109,0.504,0.113,-1.579,0.1,-29.191,0.6198,11.118,3201.0,9.08,10.759,-0.4689,0.4621,171.01,0.04,152.014,218.359,-0.0818,-0.2415,0.0525,0.2634,0.0516,-0.1598,0.0646,-0.1115,0.0993,-0.1654,0.0414,-0.1481,0.0485,-0.1018,0.0277,-0.1625,0.2308,-0.0498,0.075,-0.1552,0.057,-0.1219,0.032,-0.1474,0.0476,0.1734,0.1523,-0.1331,0.0488,-0.1006,0.03,-0.0818,0.0263,-0.2227,0.2241,-0.1453,0.0337,-0.1384,0.1318,0.1996,0.1064,-0.1459,0.1183,21,4,0.212,0.47,0.003,-1.66,0.003,10.741,3009.5,8.99
66,NGC_136,0.51876014,0.046808112,-0.30195248,0.014812029,-0.22677109,0.01041429,1,NGC_136,120.5633272,-1.272,7.89059104,61.50836864,0.027,-1.648,0.089,-0.522,0.088,-52.2197,0.0339,11.814,5141.0,8.41,12.467,-0.0868,0.0936,158.0,0.078,150.816,261.045,-0.2268,-0.235,0.02,0.2022,0.02,-0.324,0.02,-1.0493,0.02,-0.302,0.02,-0.3272,0.0476,-0.2353,0.02,-0.1963,0.0468,0.0096,0.02,-0.2331,0.02,-0.2468,0.0203,-0.1565,0.02,0.1827,0.0476,-0.2073,0.02,-0.2262,0.02,-0.2268,0.02,-0.3104,0.1304,-0.2634,0.02,-9999.0,-9999.0,0.5188,0.0468,-0.277,0.0476,1,1,0.143,-1.637,0.008,-0.576,0.008,11.145,4548.1,8.56
67,NGC_1664,0.24493413,0.04659524,-0.1561285,0.012122104,-0.043136086,0.010181575,1,NGC_1664,161.67305925,-0.451,72.76648144,43.67478182,0.113,1.703,0.169,-5.738,0.146,6.9131,0.0232,9.622,1341.0,8.71,9.159,0.0134,0.1098,177.488,0.069,90.696,181.422,-0.0431,-0.2036,0.02,0.3656,0.02,-0.1679,0.02,0.0164,0.02,-0.1561,0.02,-0.1159,0.047,-0.0586,0.02,0.0067,0.0466,0.0231,0.02,-0.1153,0.02,-0.0692,0.02,-0.1027,0.02,0.0669,0.047,-0.079,0.02,-0.0499,0.02,-0.0431,0.02,-0.05,0.1297,-0.089,0.02,-9999.0,-9999.0,0.2449,0.0466,0.0579,0.047,1,1,0.541,1.608,0.007,-5.803,0.007,9.353,1287.8,8.53
68,NGC_1798,0.09988875350000001,0.047072482875,-0.31557648875,0.01768197757142857,-0.274709835,0.010677903749999999,8,NGC_1798,160.70336983,4.846,77.90789336,47.68911136,0.039,0.913,0.142,-0.318,0.122,2.6361,0.7882,13.266,5124.0,9.22,13.8,0.4656,0.9925,172.693,0.098,279.805,294.026,-0.2747,-0.4174,0.0304,0.006,0.0443,-0.2746,0.0491,-0.1358,0.025,-0.3079,0.0201,-0.2962,0.0487,-0.2722,0.02,-0.1702,0.1687,-0.2062,0.0594,-0.2819,0.0939,-0.2624,0.0364,-0.3192,0.0634,-0.4245,0.2571,-0.3251,0.0327,-0.3162,0.0221,-0.2636,0.0208,-0.4401,0.3308,-0.3344,0.0249,-0.1155,0.1318,0.1214,0.0548,-0.4586,0.1115,7,4,0.363,0.792,0.006,-0.37,0.006,12.124,4167.0,8.96
69,NGC_1817,0.15801140916666667,0.047270901000000004,-0.21698399666666668,0.020027538166666668,-0.14338608666666666,0.0108706775,6,NGC_1817,186.19652125,-13.03,78.14102954,16.69318417,0.187,0.485,0.118,-0.89,0.1,66.1828,0.1391,10.084,1799.0,9.05,10.42,-0.3805,0.4244,181.075,0.155,146.594,217.198,-0.1378,-0.2835,0.0356,0.178,0.0578,-0.1605,0.0206,-0.0159,0.0669,-0.2027,0.0235,-0.1685,0.0483,-0.1532,0.02,-0.2148,0.3163,-0.08,0.0575,-0.1553,0.062,-0.148,0.022,-0.2093,0.0264,0.0522,0.1351,-0.1575,0.0435,-0.1739,0.02,-0.1378,0.02,-0.2879,0.206,-0.215,0.0289,-0.2205,0.1406,0.1735,0.073,-0.3278,0.0483,5,3,0.522,0.43,0.004,-0.932,0.004,9.716,1636.5,9.12
70,NGC_1857,0.5812301,0.046658397,-0.2985825,0.012794367,-0.1825911,0.01024811,1,NGC_1857,168.41885745,1.253,80.02874901,39.32883536,0.062,0.553,0.089,-1.31,0.084,0.3817,0.0399,11.196,2900.0,8.4,11.452,0.0913,0.1216,177.02,0.028,131.377,235.296,-0.1826,-0.1684,0.02,0.2411,0.02,-0.3687,0.02,-0.3966,0.02,-0.2986,0.02,-0.3606,0.0472,-0.2203,0.02,-0.1467,0.0467,0.0034,0.02,-0.3655,0.02,-0.2481,0.02,-0.0537,0.02,0.1865,0.0472,-0.2868,0.02,-0.1394,0.02,-0.1826,0.02,-0.5081,0.1299,-0.1763,0.02,-9999.0,-9999.0,0.5812,0.0467,0.0305,0.0472,1,1,0.212,0.47,0.004,-1.384,0.004,10.787,2706.9,8.32
71,NGC_188,-0.23465938470731706,0.047196306186046505,0.07580280178604651,0.016259096767441857,0.07989112302325582,0.010666638011627906,43,NGC_188,122.84041195,22.38,11.83722881,85.2514619,0.272,-2.307,0.139,-0.96,0.146,-41.9056,0.5355,9.285,1698.0,9.85,9.538,0.6694,0.7748,171.831,0.061,151.256,192.85,0.0805,0.1009,0.0412,0.2782,0.0963,0.0813,0.0479,0.1874,0.0965,0.0765,0.0412,0.1078,0.0697,0.0967,0.0326,0.1344,0.2518,0.0856,0.0737,0.1291,0.0771,0.0579,0.0541,0.0781,0.0869,-0.0239,0.2139,0.1219,0.0854,0.1453,0.0334,0.0805,0.0405,0.1752,0.1313,0.1088,0.0462,0.2077,0.2307,-0.2368,0.3009,0.2199,0.145,42,4,0.357,-2.318,0.004,-1.015,0.004,9.172,1821.9,9.42
72,NGC_1907,0.19997212666666667,0.04678324833333333,-0.138687168,0.01398774,-0.09604008000000001,0.010372508333333334,3,NGC_1907,172.62376553,0.311,82.02900192,35.32409105,0.075,-0.04,0.144,-3.418,0.128,2.6834,0.1586,9.947,1618.0,8.77,9.955,0.0336,0.1215,178.803,0.009,104.155,199.879,-0.096,-0.2697,0.039,0.2806,0.0606,-0.1567,0.02,-0.017,0.068,-0.1387,0.02,-0.1965,0.0475,-0.103,0.02,-0.0532,0.1082,0.0755,0.0513,-0.237,0.1023,-0.1365,0.02,-0.1563,0.0368,-0.0279,0.1275,-0.2282,0.02,-0.1336,0.02,-0.096,0.02,-0.1718,0.1303,-0.1389,0.02,-0.005,0.1308,0.2,0.1259,-0.239,0.131,3,2,0.289,-0.141,0.006,-3.41,0.006,9.615,1503.3,8.76
73,NGC_1912,0.5788701,0.04649814,-0.25874248,,-0.10245108,0.010083935,1,NGC_1912,172.27247374,0.68,82.16674313,35.82082347,0.163,1.58,0.175,-4.424,0.156,-1.0437,0.0298,9.435,1104.0,8.47,9.296,0.0366,0.0455,179.099,0.027,89.545,184.286,-0.0953,-0.1613,0.02,0.2178,0.02,-0.2241,0.02,-0.1902,0.02,-0.2587,0.02,-0.1749,0.0467,-0.1142,0.02,-0.1903,0.0465,0.1083,0.02,-0.2756,0.02,-0.1741,0.02,-0.1086,0.02,-0.0021,0.0467,-0.2012,0.02,-0.1233,0.02,-0.1025,0.02,-0.2626,0.1294,-0.1705,0.02,-9999.0,-9999.0,0.5789,0.0465,0.0117,0.0467,1,2,0.673,1.545,0.005,-4.43,0.005,9.199,1085.5,8.43
74,NGC_2158,0.06547760189454545,0.047393400927272726,-0.26264724563636366,0.020906246854545455,-0.23466981872727272,0.010990357627272728,55,NGC_2158,186.63551041,1.785,91.85948488,24.09770927,0.044,-0.177,0.185,-2.002,0.173,27.1049,1.4042,12.617,4298.0,9.19,12.028,0.1653,0.4494,182.255,0.05,179.576,247.707,-0.2362,-0.3777,0.0471,-0.0205,0.0629,-0.2786,0.0952,-0.1404,0.1071,-0.265,0.0333,-0.2609,0.0545,-0.2346,0.0331,-0.2131,0.2591,-0.1764,0.1089,-0.2474,0.0771,-0.2408,0.0362,-0.3269,0.0543,-0.1621,0.3895,-0.3329,0.1436,-0.2844,0.0384,-0.2369,0.0246,-0.4424,0.3165,-0.2963,0.0397,-0.1663,0.3741,0.0519,0.1727,-0.2943,0.2634,50,4,0.21,-0.211,0.003,-1.982,0.003,11.81,3706.3,9.27
75,NGC_2204,0.08491946460476192,0.04708378814285714,-0.30936622047619045,0.017552566619047617,-0.2819334728571429,0.010688952380952379,21,NGC_2204,226.01888278,-16.11,93.88522976,-18.67148567,0.098,-0.56,0.117,1.964,0.129,92.1411,0.5283,11.344,3991.0,9.32,11.358,-1.0801,1.1484,194.074,0.083,217.471,235.592,-0.2789,-0.4379,0.0665,-0.0228,0.0438,-0.2434,0.0406,-0.246,0.0831,-0.3041,0.0263,-0.2769,0.0543,-0.269,0.0336,-0.3425,0.149,-0.2564,0.1161,-0.2667,0.0634,-0.2978,0.0346,-0.3933,0.0322,-0.3062,0.2165,-0.3005,0.0663,-0.3086,0.0289,-0.2738,0.0275,-0.2073,0.1314,-0.336,0.0282,-0.1167,0.1316,0.0566,0.1835,-0.5947,0.3601,18,4,0.262,-0.579,0.003,1.957,0.003,11.29,4113.5,9.26
76,NGC_2236,0.2628538116666667,0.04823333033333333,-0.20873633166666664,0.031836573666666666,-0.15352109166666666,0.0118911,6,NGC_2236,204.36782171,-1.7,97.41121063,6.8314648,0.07,-0.752,0.129,0.01,0.135,59.5723,0.2208,10.599,2429.0,9.06,10.823,-0.0457,0.0533,185.423,0.074,115.841,221.683,-0.1499,-0.2934,0.0676,0.1757,0.055,-0.2557,0.0665,-0.4276,0.5926,-0.2118,0.0349,-0.2325,0.0525,-0.1731,0.0315,-0.3215,0.1963,-0.1305,0.1152,-0.2471,0.0306,-0.2004,0.0743,-0.2475,0.0349,-0.0045,0.2461,-0.2494,0.0329,-0.1925,0.0434,-0.1499,0.02,-0.3571,0.5791,-0.2264,0.0236,-9999.0,-9999.0,0.3014,0.1226,-0.1666,0.2315,4,2,0.268,-0.782,0.004,0.016,0.004,10.493,2546.2,8.93
77,NGC_2243,-0.24973432222222222,0.04734612844444444,-0.40594593222222225,0.02073029588888889,-0.45500553222222223,0.010944604444444445,9,NGC_2243,239.47988426,-18.01,97.39644414,-31.28344316,0.046,-1.279,0.126,5.488,0.126,59.9198,0.4429,10.584,3719.0,9.64,12.554,-1.1246,1.2895,196.725,0.222,273.964,279.195,-0.455,-0.559,0.0471,-0.209,0.02,-0.2991,0.0343,-0.4832,0.335,-0.4059,0.0258,-0.3899,0.0491,-0.3921,0.0259,-0.5654,0.4143,-0.3174,0.0493,-0.3964,0.0464,-0.4602,0.0525,-0.568,0.0525,-0.1896,0.381,-0.5233,0.1039,-0.5392,0.0334,-0.455,0.0248,-0.4849,0.3803,-0.4717,0.0271,-0.9427,0.8327,-0.2497,0.0473,-0.7248,0.1407,9,4,0.174,-1.267,0.003,5.494,0.003,10.593,3928.2,9.44
78,NGC_2244,0.25159013,0.04954879,-0.1610195,0.046412688,0.017278716,0.0132264,1,NGC_2244,206.32197629,-2.073,97.985301,4.92671252,0.232,-1.598,0.3,0.179,0.352,34.3203,0.1328,9.686,1478.0,7.1,10.202,-0.0294,0.054,183.877,0.06,105.478,207.402,0.0173,-0.372,0.1109,-9999.0,-9999.0,0.0823,0.0274,-0.6476,0.0222,-0.161,0.0464,0.0422,0.0555,-0.1054,0.0369,-1.4306,0.0527,-0.036,0.02,0.0092,0.02,0.1817,0.0422,0.1815,0.044,-0.9484,0.0606,0.5402,0.0213,0.1017,0.02,0.0173,0.02,0.1632,0.1386,-0.1422,0.02,-0.3262,0.1409,0.2516,0.0495,-0.2093,0.0564,1,1,0.358,-1.737,0.01,0.253,0.01,9.411,1415.2,6.61
79,NGC_2304,-0.3004799,0.047442988,-0.2787655,0.021647623,-0.1989511,0.0109806,1,NGC_2304,197.21321327,8.901,103.80303746,17.98461602,0.038,-0.024,0.108,-1.514,0.109,57.9979,0.0412,12.019,3843.0,8.96,11.206,0.6245,0.6006,185.364,0.121,176.106,230.92,-0.1797,-0.3151,0.023,0.1302,0.02,-0.2244,0.02,-0.2429,0.02,-0.2788,0.0216,-0.2556,0.0493,-0.0852,0.02,-0.4422,0.0475,-0.2699,0.02,-0.282,0.02,-0.1711,0.0253,-0.2424,0.0216,0.1695,0.0493,-0.1717,0.02,-0.1894,0.02,-0.199,0.02,-0.7747,0.1325,-0.2964,0.02,-9999.0,-9999.0,-0.3005,0.0474,-0.3174,0.0494,1,2,0.159,0.002,0.008,-1.466,0.008,11.596,3615.3,9.09
80,NGC_2318,0.21646112,0.046593,-0.1829325,0.012230868,-0.05136009,0.010178115,1,NGC_2318,226.10705861,-4.478,104.8729586,-13.75886779,0.172,-1.781,0.112,-2.198,0.11,8.4428,0.0241,9.356,1394.0,8.64,9.642,-0.0856,0.1901,186.144,0.13,107.348,196.856,-0.0514,-0.1534,0.02,0.3754,0.02,-0.1437,0.02,-0.0136,0.02,-0.1829,0.02,-0.1299,0.0469,-0.077,0.02,0.2438,0.0466,0.0887,0.02,-0.107,0.02,-0.0947,0.02,-0.1333,0.02,-0.0224,0.047,-0.1413,0.02,-0.0243,0.02,-0.0514,0.02,-0.0746,0.1297,-0.0997,0.02,-9999.0,-9999.0,0.2165,0.0466,-0.0179,0.0469,1,1,0.586,-1.768,0.01,-2.136,0.01,9.084,1318.7,8.66
81,NGC_2324,0.321636514,0.04702787939999999,-0.27776589800000007,0.017736058399999997,-0.20079308999999998,0.010652902,5,NGC_2324,213.44789792,3.304,106.03513983,1.04721752,0.069,-0.309,0.106,-0.094,0.092,42.3721,0.1806,12.075,4214.0,8.73,12.249,0.2724,0.3044,191.072,0.07,169.544,254.633,-0.1954,-0.3274,0.0446,0.2129,0.0539,-0.2247,0.0281,-0.0975,0.1004,-0.2649,0.0266,-0.2623,0.0479,-0.225,0.0207,-0.183,0.2184,-0.0611,0.0602,-0.1841,0.036,-0.2206,0.0211,-0.1827,0.0973,0.0202,0.2647,-0.2277,0.0322,-0.2061,0.02,-0.1954,0.02,-0.448,0.2914,-0.2674,0.0212,0.009,0.1315,0.3248,0.0593,-0.4408,0.2173,4,2,0.179,-0.322,0.004,-0.089,0.004,11.571,3897.5,8.78
82,NGC_2355,0.07015513,0.04680646,-0.2273065,0.01469518,-0.15163109,0.01039512,1,NGC_2355,203.38012222,11.81,109.25063762,13.76250143,0.078,-3.802,0.137,-1.086,0.133,35.6228,0.0252,10.112,1941.0,9.0,10.668,0.4225,0.7012,184.276,0.072,173.559,220.264,-0.1516,-0.2931,0.02,0.1724,0.02,-0.1711,0.02,-0.2382,0.02,-0.2273,0.02,-0.2155,0.0476,-0.1801,0.02,-0.0245,0.0468,-0.1055,0.02,-0.1526,0.02,-0.1707,0.0202,-0.2056,0.02,0.1355,0.0476,-0.2028,0.02,-0.1916,0.02,-0.1516,0.02,-0.1721,0.1304,-0.2177,0.02,-0.0702,0.1306,0.0702,0.0468,-0.2256,0.0476,1,1,0.348,-3.836,0.005,-1.054,0.005,9.726,1751.1,9.23
83,NGC_2420,0.07179960911304348,0.047054590304347825,-0.22626820565217393,0.017369801590909093,-0.18185717869565218,0.010635705173913044,23,NGC_2420,198.10874935,19.64,114.60207887,21.57406769,0.053,-1.19,0.139,-2.125,0.126,74.4488,0.4969,10.683,2587.0,9.24,10.011,0.8961,0.8745,184.066,0.152,169.779,206.143,-0.1799,-0.2382,0.0865,-0.0002,0.1018,-0.0938,0.1164,-0.1084,0.189,-0.2141,0.0464,-0.1807,0.0529,-0.1783,0.0275,-0.2218,0.4237,-0.1012,0.0913,-0.1477,0.066,-0.1638,0.0462,-0.2262,0.1414,-0.0608,0.2619,-0.197,0.1381,-0.235,0.0679,-0.176,0.0275,-0.2635,0.2431,-0.2113,0.0632,-0.2438,0.2698,0.0611,0.2152,-0.4292,0.4938,21,4,0.159,-1.215,0.004,-2.039,0.004,10.243,2311.4,9.35
84,NGC_2423,0.09781200159249999,0.0497052785,-0.09848255150000002,0.069717826,-0.010658503500000001,0.01392065525,4,NGC_2423,230.49623366,3.577,114.31740938,-13.86327647,0.268,-0.735,0.124,-3.632,0.149,19.4287,0.8144,8.968,943.0,9.04,8.748,0.0811,0.0827,184.645,0.093,83.953,173.015,-0.0107,-0.062,0.1356,0.6916,0.4891,-0.0679,0.179,-0.0726,0.1573,-0.0985,0.0924,-0.2382,0.1891,0.0052,0.0705,-0.0423,0.2247,-0.0923,0.1031,0.0307,0.1882,-0.0164,0.0753,-0.0602,0.0424,0.1063,0.1425,-0.1921,0.4855,-0.1733,0.2407,-0.0107,0.0537,0.1437,0.1298,-0.1468,0.194,-0.343,0.1904,0.0978,0.2784,0.2891,0.0562,4,2,0.69,-0.747,0.006,-3.582,0.006,8.727,908.7,9.07
85,NGC_2447,0.29693013333333335,0.04654568933333333,-0.17638050000000002,0.011562562166666667,-0.09967507999999999,0.010133321666666667,3,NGC_2447,240.0362412,0.146,116.13457651,-23.84885439,0.202,-3.551,0.158,5.068,0.167,23.4537,0.6492,8.892,1018.0,8.76,9.478,0.0247,0.0813,185.692,0.071,95.262,190.82,-0.0997,-0.2763,0.0279,0.2864,0.0235,-0.1451,0.02,-0.01,0.02,-0.1764,0.02,-0.0933,0.0468,-0.0926,0.02,-0.0931,0.1088,-0.0279,0.0239,-0.2213,0.0329,-0.1356,0.02,-0.2256,0.0275,0.0614,0.0686,-0.1715,0.0493,-0.1334,0.02,-0.0997,0.02,-0.1079,0.1296,-0.174,0.02,0.0072,0.1296,0.2969,0.0465,-0.1679,0.0468,3,2,0.698,-3.56,0.005,5.086,0.005,8.648,970.9,8.87
86,NGC_2479,0.07484613,0.046766855,-0.1266325,0.014443012,-0.027194085,0.01035,1,NGC_2479,236.00403826,5.366,118.77200511,-17.73449401,0.075,-4.318,0.1,1.053,0.078,41.5701,0.0236,9.299,1562.0,8.99,9.256,0.169,0.2594,187.97,0.005,104.407,183.914,-0.0272,-0.1456,0.02,0.3217,0.02,-0.0983,0.02,-0.0167,0.02,-0.1266,0.02,-0.0831,0.0475,-0.0397,0.02,-0.1309,0.0468,0.0507,0.02,-0.1937,0.02,-0.0663,0.02,-0.0844,0.02,-0.0214,0.0475,-0.0937,0.02,0.002,0.02,-0.0272,0.02,-0.0547,0.1302,-0.0787,0.02,-9999.0,-9999.0,0.0748,0.0468,-0.0982,0.0475,1,1,0.503,-4.326,0.007,1.097,0.007,9.072,1543.4,9.12
87,NGC_2682,-0.038103369415517244,0.04742651877073171,-0.015181005329609757,0.02048447450990099,0.009712105171902439,0.010963106785365854,205,NGC_2682,215.68932372,31.93,132.84984192,11.81745461,0.166,-10.986,0.193,-2.964,0.201,34.3195,0.7144,8.964,889.0,9.63,8.844,0.4924,0.5863,182.815,0.078,124.184,176.341,0.0079,-0.0194,0.0739,0.1822,0.1493,0.0161,0.0945,-0.0238,0.3423,-0.0153,0.0612,-0.0021,0.0835,0.0281,0.0664,-0.0779,0.3709,0.044,0.1337,-0.0243,0.1017,-0.0082,0.0562,0.0044,0.1744,0.0416,0.3858,-0.0116,0.187,0.0198,0.0649,0.0088,0.0369,0.1136,0.3475,0.0113,0.0498,-0.1159,0.3678,-0.0411,0.2726,-0.0518,0.2334,190,4,0.596,-10.965,0.007,-2.906,0.007,8.72,837.3,9.23
88,NGC_4337,0.2039973805,0.046865248250000005,0.16752324999999998,0.0143863805,0.2086289175,0.010447145,4,NGC_4337,299.31571429,4.558,186.02205356,-58.12181095,0.055,-8.841,0.08,1.468,0.085,-17.7255,0.6044,7.454,2450.0,9.16,7.412,0.2125,0.2628,196.599,0.07,77.124,142.5,0.2086,0.1386,0.02,0.6606,0.0329,0.1864,0.02,0.4997,0.0315,0.1675,0.02,0.2163,0.0478,0.2346,0.0286,0.1135,0.1093,0.2288,0.0284,0.1724,0.0643,0.1653,0.0354,0.2218,0.02,0.0539,0.0478,0.1639,0.0502,0.3295,0.0518,0.2086,0.02,0.3341,0.1305,0.2223,0.0234,-9999.0,-9999.0,0.204,0.085,0.3315,0.157,4,2,0.307,-8.854,0.004,1.504,0.004,7.256,2413.9,9.15
89,NGC_559,0.2738501,0.04695794,-0.22631851,0.015212554,-0.1469611,0.01054815,1,NGC_559,127.19764996,0.749,22.38895782,63.30433847,0.081,-4.258,0.113,0.254,0.13,-77.4908,0.02,10.341,2884.0,8.41,10.957,0.0628,0.0749,167.166,0.19,124.781,233.204,-0.147,-0.2055,0.02,0.0388,0.02,-0.1896,0.02,-0.0685,0.02,-0.2263,0.02,-0.1964,0.0481,-0.1653,0.02,-0.2326,0.047,-0.0903,0.02,-0.5553,0.02,-0.2023,0.0206,-0.2909,0.02,-0.6483,0.0481,-0.1644,0.02,-0.1395,0.02,-0.147,0.02,-0.1917,0.1308,-0.2367,0.02,-9999.0,-9999.0,0.2739,0.047,-0.355,0.0481,1,1,0.286,-4.276,0.004,0.191,0.004,10.044,2772.2,8.4
90,NGC_609,0.38684511,0.047153564999999995,-0.285843,0.0169419375,-0.21535609,0.01074785,2,NGC_609,127.74362813,2.086,24.10288447,64.53717065,0.026,-0.673,0.116,-0.072,0.117,-44.3786,0.031,12.083,5023.0,8.35,12.301,0.2113,0.2182,160.821,0.078,160.323,256.167,-0.2402,-0.3332,0.02,0.1317,0.0236,-0.2732,0.0228,-0.0962,0.0407,-0.2858,0.02,-0.341,0.0487,-0.2318,0.02,-0.3353,0.0522,-0.0403,0.0808,-0.3332,0.0202,-0.249,0.022,-0.2692,0.0232,-0.2973,0.1431,-0.2892,0.02,-0.2395,0.0469,-0.2154,0.02,-0.2084,0.1314,-0.2845,0.0209,-0.058,0.1325,0.3868,0.0504,-0.4821,0.1362,2,2,0.187,-0.705,0.005,-0.145,0.005,12.042,5216.0,8.27
91,NGC_6705,0.2957730433333334,0.046668038083333335,-0.0018380803333333357,0.012228184416666668,0.1089854983333333,0.01025222125,12,NGC_6705,27.30015686,-2.774,282.76599002,-6.2752533,0.074,-1.568,0.16,-4.144,0.161,35.1477,1.0365,6.464,2203.0,8.49,6.474,-0.0907,0.0914,171.018,0.089,56.274,121.608,0.109,0.0929,0.0231,0.5523,0.0502,0.0037,0.0383,0.3075,0.0607,-0.0018,0.0343,-0.0366,0.0672,0.0903,0.039,0.1217,0.1232,0.1578,0.0316,-0.0543,0.0764,0.0392,0.0406,0.0756,0.0477,-0.3913,0.1427,0.0941,0.0553,0.2103,0.0383,0.109,0.032,0.1526,0.1299,0.1371,0.0274,-9999.0,-9999.0,0.2958,0.1183,0.2804,0.2245,12,4,0.179,-1.536,0.004,-4.166,0.004,6.226,2233.1,8.12
92,NGC_6756,0.23779112,0.046628054,-0.1962025,0.01184253,-0.06399708,0.01021334,1,NGC_6756,39.09660921,-1.684,287.1809762,4.71112861,0.028,-1.584,0.175,-3.631,0.176,47.1125,0.02,6.213,3166.0,7.68,6.685,-0.0784,0.0846,161.265,0.077,57.949,125.532,-0.064,-0.1053,0.02,0.1793,0.02,-0.1293,0.02,-0.06,0.02,-0.1962,0.02,-0.1917,0.0471,-0.0977,0.02,-0.0856,0.0466,-0.0509,0.02,-0.241,0.02,-0.1493,0.02,-0.1741,0.02,-0.1731,0.0471,-0.1653,0.02,-0.0083,0.02,-0.064,0.02,-0.0251,0.1298,-0.127,0.02,-9999.0,-9999.0,0.2378,0.0466,-0.3258,0.0471,1,1,0.168,-1.546,0.007,-3.665,0.007,6.153,2896.7,7.67
93,NGC_6791,0.2707003860714286,0.04731114071666668,0.32396782016666664,0.017221645491525422,0.30479407633333333,0.010882288066666667,60,NGC_6791,69.96058551,10.91,290.21995929,37.77428119,0.068,-0.421,0.165,-2.269,0.193,-46.9676,1.1165,7.942,4231.0,9.8,6.518,0.8177,0.8143,150.556,0.249,102.207,133.653,0.3056,0.4021,0.0314,0.5504,0.0615,0.3279,0.0342,0.4803,0.0623,0.3239,0.0494,0.2752,0.0766,0.3109,0.0378,0.5187,0.1837,0.2909,0.0627,0.3449,0.1057,0.275,0.058,0.3793,0.0642,0.1168,0.246,0.333,0.093,0.3894,0.1089,0.3049,0.0349,0.4724,0.1322,0.3259,0.0335,-9999.0,-9999.0,0.2738,0.1188,0.3589,0.1298,59,4,0.193,-0.421,0.002,-2.277,0.002,7.786,4189.4,9.58
94,NGC_6811,0.18867609,0.04692382183333333,-0.09655251283333333,0.01991649225,-0.03162922333333334,0.0105282925,6,NGC_6811,79.19578613,11.99,294.34389115,46.36411472,0.19,-3.399,0.116,-8.812,0.123,7.4267,0.2607,8.203,1161.0,9.03,9.059,0.2614,0.302,172.184,0.149,108.625,185.04,-0.0246,-0.1903,0.02,0.3158,0.0264,-0.0844,0.0313,0.0273,0.02,-0.1126,0.02,-0.1335,0.0475,-0.0584,0.0246,0.0068,0.1306,-0.0471,0.0425,-0.096,0.0562,-0.0596,0.02,-0.0982,0.0287,0.1191,0.1258,-0.0448,0.0355,-0.0583,0.02,-0.0467,0.02,-0.1156,0.1303,-0.0999,0.02,-0.0089,0.1306,0.1652,0.0595,-0.1443,0.0966,5,4,0.48,-3.355,0.007,-8.8,0.007,7.993,1110.1,9.03
95,NGC_6819,0.11815271202439027,0.04683129223809524,-0.013793199336666668,0.013999087158536585,0.035356244745238095,0.010414728452380952,42,NGC_6819,73.97946931,8.485,295.32175753,40.18986975,0.095,-2.916,0.128,-3.856,0.14,2.6056,1.1991,8.027,2765.0,9.35,8.528,0.4269,0.5514,160.885,0.072,116.332,169.601,0.0372,-0.0435,0.0395,0.3381,0.0725,-0.0032,0.0273,0.1254,0.0911,-0.0104,0.0298,-0.0107,0.0591,0.0301,0.0356,0.0418,0.1871,0.0389,0.0371,0.0232,0.0802,0.0158,0.0433,0.0219,0.0406,-0.1676,0.1381,0.0271,0.0426,0.0804,0.0367,0.039,0.0307,0.0658,0.1304,0.0227,0.0296,-9999.0,-9999.0,0.1187,0.0862,-0.022,0.1221,40,4,0.244,-2.9,0.003,-3.87,0.003,7.819,2510.3,9.23
96,NGC_6866,0.16947813,0.0468031135,-0.0607909935,0.014529800999999998,0.0175494156,0.010387819999999999,2,NGC_6866,79.56806906,6.841,300.98216128,44.16597554,0.104,-1.365,0.081,-5.743,0.092,12.6329,0.4064,8.202,1406.0,8.81,9.299,0.1877,0.2174,170.365,0.144,105.415,190.725,0.0175,-0.1381,0.02,0.4394,0.02,-0.0655,0.02,-0.0183,0.0475,-0.0608,0.0234,-0.0879,0.0476,-0.0142,0.02,0.1189,0.0468,0.1093,0.0228,-0.0429,0.033,-0.0064,0.0201,-0.0192,0.02,0.0823,0.0476,0.0154,0.02,0.0224,0.02,0.0175,0.02,-0.1086,0.1303,-0.0233,0.02,0.02,0.1307,0.1695,0.0468,-0.0428,0.0476,2,2,0.526,-1.372,0.005,-5.764,0.005,7.99,1402.0,8.8
97,NGC_7062,0.25578013,0.04676176,-0.11978249,0.014415792,-0.0082800845,0.01034779,1,NGC_7062,89.96521157,-2.739,320.85946535,46.38970896,0.048,-1.914,0.13,-4.045,0.092,-22.2734,0.0254,8.702,2492.0,8.63,8.868,-0.0983,0.168,163.379,0.025,90.758,175.119,-0.0083,-0.1596,0.02,0.4054,0.02,-0.1121,0.02,0.1481,0.02,-0.1198,0.02,-0.0724,0.0475,-0.0269,0.02,0.2671,0.0468,-0.0211,0.02,-0.0467,0.02,-0.0572,0.02,-0.1001,0.02,0.0447,0.0475,-0.0876,0.02,-0.0112,0.02,-0.0083,0.02,0.003,0.1302,-0.0634,0.02,-9999.0,-9999.0,0.2558,0.0468,0.0092,0.0475,1,1,0.273,-1.903,0.007,-4.07,0.007,8.448,2330.5,8.49
98,NGC_7423,0.2940401,0.047405638,-0.2404405,0.018603839,-0.18223108,0.0110035,1,NGC_7423,107.6157581,-2.274,343.78812814,57.09865914,0.032,-1.247,0.151,-1.25,0.13,-33.4763,0.02,10.269,3981.0,9.2,10.398,-0.1342,0.1402,158.335,0.111,115.319,213.148,-0.1822,-0.3265,0.02,0.1444,0.02,-0.2061,0.02,0.024,0.02,-0.2404,0.02,-0.2324,0.0494,-0.2007,0.02,-0.2633,0.0474,-0.0692,0.02,-0.3614,0.02,-0.1949,0.0232,-0.2563,0.02,-0.2538,0.0495,-0.3402,0.02,-0.1034,0.02,-0.1822,0.02,-0.1747,0.1322,-0.2228,0.02,-9999.0,-9999.0,0.294,0.0474,-0.1305,0.0494,1,1,0.254,-1.217,0.005,-1.293,0.005,9.818,3581.5,9.08
99,NGC_752,-0.029430295663636363,0.047574844490909075,-0.08516487655636365,0.02256555396296296,-0.00678674862309091,0.011101526609090908,55,NGC_752,136.90704019,-23.3,29.1600657,37.79271833,0.485,9.81,0.272,-11.713,0.266,6.0797,0.5334,8.669,483.0,9.07,8.525,-0.1695,0.2524,177.997,0.046,92.125,167.243,-0.0106,-0.1076,0.0597,0.4016,0.2891,-0.0482,0.1024,0.1096,0.4299,-0.0828,0.0615,-0.0995,0.0797,-0.0405,0.0668,-0.0707,0.3492,-0.0004,0.1176,-0.0803,0.1064,-0.0172,0.0764,0.0055,0.1652,-0.1522,0.5494,-0.0786,0.2025,-0.0516,0.1023,-0.0047,0.0411,-0.0327,0.456,-0.0624,0.0704,-0.3576,0.4663,-0.0294,0.3977,-0.036,0.2413,53,4,1.62,9.772,0.016,-11.824,0.016,8.419,433.6,9.15
100,NGC_7789,0.43798012,0.04656455,-0.06264649,0.011671779,0.034278914,0.01015511,1,NGC_7789,115.52365975,-5.367,359.32861728,56.72375025,0.211,-0.922,0.14,-1.933,0.138,-53.231,0.025,9.432,2100.0,9.19,8.669,-0.1734,0.1742,168.461,0.089,88.004,170.333,-0.0032,-0.775,0.02,0.7146,0.02,-0.1064,0.02,0.3467,0.02,-0.0626,0.02,0.0641,0.0469,0.0411,0.02,-0.1028,0.0466,0.0382,0.02,0.051,0.02,-0.012,0.02,-0.0594,0.02,0.1134,0.0469,-0.0345,0.02,0.0817,0.02,0.0343,0.02,0.1073,0.1296,-0.0505,0.02,-9999.0,-9999.0,0.438,0.0466,0.081,0.0469,1,4,0.537,-0.914,0.002,-1.952,0.002,9.141,1968.5,9.19
101,Ruprecht_128,0.24215013,0.04694399,0.007867504,0.015812334,0.12925892,0.0105274,1,Ruprecht_128,354.77979077,-2.854,266.06630245,-34.87673694,0.057,1.889,0.169,-1.262,0.137,-39.7636,0.0294,6.578,1772.0,8.98,7.187,-0.0718,0.1182,181.402,0.113,65.761,138.059,0.1293,-0.017,0.02,0.5655,0.02,0.0052,0.02,0.3346,0.02,0.0079,0.02,0.107,0.048,0.1252,0.02,0.0547,0.0469,0.1462,0.02,0.0359,0.02,0.0352,0.021,-0.0488,0.02,0.09,0.048,0.1067,0.02,0.1579,0.02,0.1293,0.02,0.1482,0.1307,0.0677,0.02,-9999.0,-9999.0,0.2422,0.0469,0.304,0.048,1,1,0.265,1.88,0.01,-1.281,0.01,6.287,1848.2,8.4
102,Ruprecht_147,0.12034419597297297,0.047239776297297295,0.03508792452972974,0.018740742945945944,0.10240469670270269,0.010821886756756756,37,Ruprecht_147,21.01159074,-12.78,289.14078193,-16.26885181,0.652,-0.939,0.445,-26.576,0.581,42.1726,0.4178,8.046,323.0,9.48,7.953,-0.0514,0.2347,179.196,0.182,85.722,159.836,0.105,0.0454,0.0574,0.2716,0.133,0.1125,0.0488,0.0643,0.353,0.0421,0.0424,0.132,0.0713,0.1245,0.059,-0.0162,0.4147,0.1247,0.0622,0.056,0.0893,0.0497,0.053,0.0047,0.136,0.2323,0.3932,0.0728,0.1344,0.1426,0.0426,0.1071,0.0269,0.1676,0.3101,0.1181,0.0479,-0.0708,0.3024,0.1095,0.3448,0.1533,0.1222,32,4,2.874,-0.949,0.044,-26.672,0.044,7.847,302.7,8.95
103,Ruprecht_18,0.30923012,0.046497952,-0.19110951,0.010715247,-0.115561076,0.01008226,1,Ruprecht_18,239.91972304,-4.936,111.1639998,-26.2066973,0.085,-0.487,0.08,1.127,0.102,31.671,0.0237,9.933,2655.0,8.11,9.904,-0.2043,0.2319,193.322,0.12,115.074,201.789,-0.1156,-0.1966,0.02,0.3323,0.02,-0.1693,0.02,0.1244,0.02,-0.1911,0.02,-0.1682,0.0467,-0.1225,0.02,-0.2023,0.0465,-0.0327,0.02,-0.178,0.02,-0.1915,0.02,-0.2067,0.02,-0.3063,0.0467,-0.175,0.02,-0.0501,0.02,-0.1156,0.02,-0.0785,0.1294,-0.1715,0.02,-9999.0,-9999.0,0.3092,0.0465,-0.8832,0.0467,1,1,0.679,-0.465,0.005,1.165,0.005,9.556,2409.0,8.21
104,Ruprecht_82,0.3334501,0.04662554,-0.09392849,0.012475061,-0.030082082,0.010213455,1,Ruprecht_82,277.72758644,-0.479,146.43116052,-54.0024347,0.063,-6.443,0.083,4.348,0.094,1.9938,0.025,8.334,2201.0,8.66,8.878,0.0017,0.0094,195.17,0.07,84.0,176.424,-0.0301,-0.2277,0.02,0.4728,0.02,-0.1046,0.02,0.1536,0.02,-0.0939,0.02,-0.0538,0.047,-0.0109,0.02,0.1186,0.0466,0.0683,0.02,-0.1489,0.02,-0.0702,0.02,-0.145,0.02,-0.0035,0.0471,-0.0837,0.02,-0.0164,0.02,-0.0301,0.02,0.0398,0.1298,-0.0796,0.02,-9999.0,-9999.0,0.3335,0.0466,-0.1319,0.0471,1,1,0.336,-6.428,0.006,4.375,0.006,8.113,2111.9,8.65
105,Ruprecht_85,0.1180801305,0.046768050500000005,-0.28677247,0.013868202999999999,-0.23597109,0.0103582025,2,Ruprecht_85,280.19981107,0.076,150.36247013,-55.10945131,0.034,-4.443,0.116,3.241,0.113,21.8273,0.0257,8.856,4803.0,8.31,8.891,0.0251,0.0905,212.259,0.06,86.088,175.848,-0.236,-0.3098,0.02,0.0062,0.1861,-0.2428,0.02,-0.188,0.1037,-0.2868,0.02,-0.2539,0.0475,-0.2246,0.02,-0.5844,0.1975,-0.1578,0.02,-0.306,0.02,-0.2706,0.0227,-0.378,0.0515,-0.4128,0.2072,-0.3269,0.02,-0.2363,0.02,-0.236,0.0213,-0.3016,0.1302,-0.2987,0.0457,-0.0327,0.1302,0.1181,0.0987,-0.3853,0.0824,2,2,0.192,-4.422,0.005,3.24,0.005,8.656,4759.2,8.17
106,Ruprecht_97,0.3990401,0.046613354,-0.0541325,0.011821121,0.07630992,0.01019754,1,Ruprecht_97,296.79043914,-0.484,179.36630023,-62.71003227,0.03,-6.486,0.069,0.435,0.066,0.219,0.0322,7.445,3890.0,8.25,6.959,-0.0164,0.094,207.797,0.07,61.414,131.809,0.0763,0.0661,0.02,0.5199,0.02,-0.005,0.02,0.3445,0.02,-0.0541,0.02,-0.0449,0.047,0.0805,0.02,0.0868,0.0466,0.1744,0.02,-0.1733,0.02,-0.0372,0.02,-0.0122,0.02,-0.6371,0.047,0.1005,0.02,0.1553,0.02,0.0763,0.02,0.1786,0.1297,0.0844,0.02,-9999.0,-9999.0,0.399,0.0466,0.1501,0.047,1,1,0.14,-6.511,0.008,0.526,0.008,7.255,3392.4,8.22
107,SAI_116,0.28201063000000004,0.046652641,0.064561007,0.01218578375,0.14007391,0.0102381025,2,SAI_116,295.75850815,-0.223,177.31588712,-62.22569612,0.048,-7.729,0.141,1.339,0.096,-14.0982,0.1515,7.528,4130.0,8.1,7.636,0.0002,0.0263,209.609,0.059,67.233,146.775,0.1401,0.1293,0.0211,0.4939,0.134,0.0837,0.02,0.3582,0.0932,0.0646,0.02,0.0819,0.0471,0.1434,0.02,0.2174,0.0506,0.2267,0.036,-0.031,0.02,0.0492,0.0216,0.075,0.02,-0.3252,0.1062,0.0791,0.02,0.2661,0.0222,0.1401,0.02,0.2516,0.1299,0.1383,0.02,-9999.0,-9999.0,0.282,0.0565,0.2284,0.083,2,2,0.187,-7.703,0.005,1.349,0.005,7.317,3712.7,7.79
108,SAI_14,0.22112013,0.047868438,-0.30002648,0.024044711,-0.2178111,0.0114715,1,SAI_14,126.89006672,0.011,21.49111198,62.617064,0.036,-1.886,0.11,-1.058,0.133,-65.6483,0.02,11.207,3999.0,9.13,11.419,0.0276,0.4134,163.417,0.052,163.781,235.775,-0.2178,-0.3946,0.0244,0.1188,0.02,-0.2226,0.02,-0.2428,0.02,-0.3,0.024,-0.2678,0.0508,-0.2004,0.0208,-0.2087,0.0479,-0.0586,0.02,-0.2393,0.02,-0.2352,0.0274,-0.3073,0.0241,-0.1703,0.0509,-0.2354,0.02,-0.2977,0.02,-0.2178,0.02,-0.0927,0.1336,-0.3195,0.02,-0.2498,0.1348,0.2211,0.0479,-0.22,0.0508,1,1,0.289,-1.886,0.009,-1.097,0.009,10.884,3857.1,8.73
109,SAI_149,0.27665013,0.04698439,-0.2240125,0.016723953,-0.11886109,0.0105715,1,SAI_149,114.02447203,-1.056,354.51175217,60.54057128,0.043,-3.901,0.151,-1.633,0.113,-68.3455,0.02,10.225,3426.0,8.45,10.601,-0.0388,0.0442,162.183,0.116,112.966,218.679,-0.1189,-0.2138,0.02,0.2309,0.02,-0.2535,0.02,-0.1048,0.02,-0.224,0.02,-0.1755,0.0481,-0.1189,0.02,-0.5291,0.047,-0.1111,0.02,-0.0657,0.02,-0.1098,0.0217,-0.2751,0.02,-0.2598,0.0482,-0.1369,0.02,-0.0887,0.02,-0.1189,0.02,-0.1934,0.1309,-0.1992,0.02,-9999.0,-9999.0,0.2767,0.047,-0.1647,0.0481,1,1,0.204,-3.809,0.013,-1.709,0.013,9.918,3276.0,7.94
110,SAI_16,0.16754813,0.04796194,-0.36170048,0.02953416,-0.2659511,0.01163305,1,SAI_16,131.43764556,0.624,31.38978574,62.26544544,0.06,-0.725,0.073,-0.305,0.121,-61.2828,0.081,12.144,4893.0,9.0,12.056,0.0822,0.1348,162.421,0.012,143.61,248.196,-0.266,-0.4733,0.0328,0.1024,0.02,-0.2442,0.02,-0.2265,0.02,-0.3617,0.0295,-0.6287,0.0515,-0.3868,0.0246,0.1769,0.048,-0.6752,0.02,-0.0715,0.02,-0.1495,0.0309,-0.2292,0.0291,0.1264,0.0511,-0.0606,0.02,-0.2849,0.02,-0.266,0.02,-0.5934,0.1345,-0.3406,0.02,-0.0573,0.1345,0.1675,0.048,-0.1379,0.0511,1,1,0.327,-0.799,0.008,-0.35,0.008,11.101,3906.7,8.44
111,Skiff_J0058+68.4,0.4222901,0.048154189,-0.190671,0.0309985365,-0.135191085,0.0118504,2,Skiff_J0058+68.4,123.56507753,5.612,14.57713194,68.47575145,0.172,-2.063,0.085,0.366,0.091,-24.1983,0.2608,9.918,2476.0,9.15,10.75,0.2663,0.3503,168.05,0.093,144.659,222.577,-0.1352,-0.2665,0.0339,0.223,0.1665,-0.0901,0.0798,-0.1192,0.1105,-0.1907,0.0324,-0.1602,0.0652,-0.0534,0.1277,-0.4525,0.1979,-0.1443,0.02,-0.2428,0.0341,-0.0932,0.0488,-0.1758,0.0311,0.0742,0.0519,-0.2207,0.1355,-0.1706,0.0701,-0.1352,0.0292,-0.3119,0.2503,-0.1562,0.0206,-0.0108,0.1354,0.4223,0.1302,-0.3656,0.052,2,2,0.374,-2.057,0.004,0.314,0.004,9.776,2571.6,8.62
112,Teutsch_12,0.22836178666666665,0.047344056,-0.2593238233333333,0.022584859,-0.19405775,0.01097625,3,Teutsch_12,197.91291885,0.586,96.417386,13.60844976,0.047,-0.704,0.15,-0.98,0.176,52.0574,0.2975,12.076,3865.0,8.92,12.189,0.0695,0.3025,185.649,0.041,167.593,252.565,-0.1955,-0.3894,0.0597,0.2245,0.0306,-0.2334,0.02,0.1115,0.021,-0.2671,0.0206,-0.1932,0.0488,-0.2098,0.02,-0.2172,0.1469,-0.0748,0.02,-0.2078,0.02,-0.2213,0.0246,-0.3319,0.0377,0.3062,0.051,-0.2938,0.1049,-0.2566,0.0281,-0.1955,0.02,-0.3276,0.1317,-0.2923,0.02,-0.1434,0.1318,0.2548,0.0472,-0.2513,0.0818,2,2,0.168,-0.688,0.009,-0.969,0.009,11.441,3436.7,8.94
113,Teutsch_51,0.002433473999999991,0.047867747999999995,-0.38407415333333333,0.02919877133333333,-0.32816109666666665,0.011523258333333335,6,Teutsch_51,182.74231977,0.479,88.46409942,26.82958964,0.034,0.545,0.215,-0.345,0.188,17.6143,0.3846,13.009,4673.0,8.83,13.802,0.0715,0.4842,180.985,0.07,233.0,292.513,-0.3303,-0.4699,0.0394,0.0135,0.0461,-0.3872,0.0485,-0.2635,0.1229,-0.3773,0.0286,-0.334,0.0505,-0.3049,0.0268,-0.7586,0.5394,-0.2879,0.0413,-0.356,0.2688,-0.3497,0.0303,-0.4292,0.0349,0.2465,0.129,-0.3449,0.0312,-0.4125,0.0593,-0.3303,0.02,-0.8497,0.3209,-0.3817,0.022,-1.0673,0.6151,0.062,0.1948,-0.2887,0.1236,4,2,0.257,0.538,0.009,-0.317,0.009,11.902,3782.6,8.88
114,Teutsch_84,0.4168401,0.04749259,0.008007504,0.021779815,0.11845892,0.01107515,1,Teutsch_84,344.44431534,-0.456,256.08916522,-42.07025604,0.035,-1.738,0.246,-1.109,0.244,-49.7398,0.0349,6.018,2446.0,9.02,6.369,-0.0045,0.1447,186.256,0.072,57.161,118.818,0.1185,-0.0043,0.022,0.5554,0.02,0.0196,0.02,0.4759,0.02,0.008,0.0218,0.0311,0.0496,0.1077,0.02,0.1533,0.0475,0.0203,0.02,-0.051,0.02,0.1065,0.0255,0.1381,0.0218,0.0239,0.0497,0.1892,0.02,0.1192,0.02,0.1185,0.02,0.2609,0.1324,0.1302,0.02,-9999.0,-9999.0,0.4168,0.0475,0.4941,0.0496,1,1,0.231,-1.583,0.008,-1.246,0.008,5.843,2403.2,8.64
115,Tombaugh_2,0.06746257306666666,0.04783503888888888,-0.33577638444444446,0.027536437444444443,-0.35560109333333334,0.01152569438888889,9,Tombaugh_2,232.83519833,-6.875,105.77747143,-20.81703303,0.028,-0.464,0.17,1.349,0.177,121.4984,0.4805,15.757,9316.0,9.21,15.939,-1.0804,1.1032,207.884,0.034,346.369,338.382,-0.3766,-0.487,0.0708,-0.0456,0.1333,-0.2854,0.1139,-0.4186,0.3763,-0.3279,0.0419,-0.3344,0.0506,-0.3204,0.0346,-0.4418,0.4613,-0.2234,0.0973,-0.3125,0.0805,-0.3897,0.0488,-0.4331,0.0288,-0.113,0.4101,-0.3893,0.1161,-0.3738,0.0303,-0.3491,0.0277,-0.4792,0.3107,-0.384,0.0438,-1.0118,0.9881,0.1084,0.3265,-0.6007,0.2914,8,4,0.183,-0.511,0.005,1.409,0.005,13.582,7054.6,9.23
116,Tombaugh_5,0.54589015,0.04689767,-0.1854061,0.014925011,-0.038650084,0.010480815,1,Tombaugh_5,143.93625837,3.6,56.97443323,59.07554097,0.17,0.515,0.113,-2.388,0.12,-23.8781,0.02,9.768,1706.0,8.27,9.603,0.1314,0.1674,174.11,0.018,101.815,191.45,-0.0387,-0.066,0.02,0.309,0.02,-0.2177,0.02,-0.0541,0.02,-0.1854,0.02,-0.2321,0.0479,-0.0779,0.02,0.1256,0.0469,0.2085,0.02,-0.2585,0.02,-0.1244,0.0204,0.01,0.02,-0.163,0.0479,0.0507,0.02,-0.0251,0.02,-0.0387,0.02,-0.0901,0.1306,-0.0504,0.02,-9999.0,-9999.0,0.5459,0.0469,0.3652,0.0479,1,1,0.437,0.456,0.005,-2.459,0.005,9.491,1636.3,8.17
117,Trumpler_20,0.22527134043478264,0.04704060782608695,0.018546024869565216,0.016245569913043482,0.10318822169565219,0.010623395652173913,23,Trumpler_20,301.47404924,2.205,189.88786063,-60.63287457,0.112,-7.089,0.092,0.18,0.085,-40.1539,0.5509,7.178,3392.0,9.27,7.671,0.1469,0.162,203.75,0.073,73.809,148.247,0.102,-0.0443,0.0359,0.4547,0.0526,0.0426,0.02,0.2231,0.0458,0.017,0.0226,0.0814,0.0483,0.0925,0.0284,0.0181,0.1835,0.1196,0.0629,-0.0079,0.0526,0.0382,0.0385,0.0166,0.031,-0.1365,0.1351,0.0839,0.0454,0.1435,0.0263,0.102,0.0242,0.125,0.131,0.0581,0.0323,-9999.0,-9999.0,0.2267,0.0692,0.2732,0.1111,22,4,0.17,-7.11,0.002,0.193,0.002,6.995,3279.4,9.2
118,Trumpler_26,0.29011012999999997,0.046694506,0.1268825,0.0121820105,0.232678905,0.0102782725,2,Trumpler_26,357.52835848,2.854,262.12636249,-29.48885363,0.072,-0.873,0.129,-3.082,0.095,-7.6909,0.1734,6.819,1524.0,8.4,6.694,0.0929,0.0919,180.552,0.027,58.135,125.431,0.2327,0.1669,0.0244,0.7336,0.0295,0.1539,0.0403,0.5329,0.026,0.1269,0.0247,0.1185,0.096,0.2084,0.042,0.5145,0.0505,0.265,0.02,0.188,0.0278,0.1683,0.033,0.2123,0.0207,-0.1202,0.1432,0.1861,0.0356,0.3657,0.0672,0.2327,0.0296,0.3155,0.13,0.2622,0.0324,-9999.0,-9999.0,0.2901,0.0467,0.4496,0.0473,2,2,0.465,-0.893,0.013,-3.104,0.013,6.638,1488.3,8.29
119,Trumpler_5,-0.23538259727272726,0.04758895518181818,-0.3997863781818181,0.022567453681818183,-0.438759270909091,0.011183068090909092,11,Trumpler_5,202.82052125,1.019,99.12705764,9.45854713,0.134,-0.59,0.191,0.273,0.184,50.6139,1.271,11.211,3047.0,9.63,11.876,0.082,0.1081,186.05,0.077,140.283,247.436,-0.4388,-0.5271,0.028,-0.2165,0.0446,-0.3513,0.0372,-0.3989,0.139,-0.401,0.0245,-0.3738,0.05,-0.402,0.0256,-0.5976,0.4609,-0.324,0.0911,-0.3104,0.0634,-0.4363,0.0346,-0.4809,0.0443,-0.3998,0.2976,-0.4808,0.0681,-0.4964,0.02,-0.4396,0.02,-0.5623,0.3567,-0.4759,0.0281,-0.396,0.6124,-0.2375,0.0978,-0.6788,0.3708,10,3,0.503,-0.618,0.002,0.269,0.002,10.858,2904.9,9.34
120,UBC_107,0.37095013,0.046826992,-0.036632497,0.01418262,0.062296916,0.010411515,1,UBC_107,27.2535217,0.556,279.76776016,-4.7974583,0.085,0.958,0.145,-1.652,0.132,35.2188,0.02,6.222,2501.0,8.37,6.993,0.0395,0.1116,169.395,0.12,63.136,133.603,0.0623,-0.0676,0.02,0.4199,0.02,-0.046,0.02,0.138,0.02,-0.0366,0.02,-0.037,0.0476,0.0444,0.02,0.0392,0.0468,0.1653,0.02,-0.1088,0.02,0.0049,0.02,0.0721,0.02,-0.1284,0.0477,0.0037,0.02,0.0436,0.02,0.0623,0.02,0.0286,0.1304,0.0063,0.02,-9999.0,-9999.0,0.371,0.0468,0.1831,0.0476,1,1,0.192,0.983,0.007,-1.703,0.007,5.845,2711.6,8.41
121,UBC_143,0.2915801,0.046628997,-0.117652796,0.012384051,-0.008592085,0.010212205,1,UBC_143,80.50406291,8.372,299.80784657,45.75096743,0.142,-3.183,0.071,-7.858,0.088,4.4371,0.025,8.222,1243.0,8.67,9.029,0.2013,0.2226,171.522,0.132,100.477,183.103,-0.0086,-0.0874,0.02,0.347,0.02,-0.1556,0.02,0.0616,0.02,-0.1177,0.02,-0.0549,0.0471,-0.0321,0.02,-0.121,0.0466,0.0479,0.02,-0.0996,0.02,-0.028,0.02,-0.0444,0.02,-0.0809,0.0471,-0.0241,0.02,0.0006,0.02,-0.0086,0.02,-0.0023,0.1298,-0.0708,0.02,-9999.0,-9999.0,0.2916,0.0466,0.0383,0.0471,1,1,0.941,-3.141,0.024,-7.765,0.024,8.013,1301.0,8.7
122,UBC_172,0.7371401,0.046878062,-0.1323955,0.0145294415,-0.005403085,0.01045889,1,UBC_172,106.22308044,-4.668,343.41909045,54.33820991,0.095,-1.632,0.079,-1.415,0.073,-37.3193,0.02,9.33,2467.0,8.31,9.149,-0.1783,0.1895,165.344,0.038,96.459,181.141,-0.0054,-0.0015,0.02,0.3837,0.02,-0.1434,0.02,0.1071,0.02,-0.1324,0.02,-0.216,0.0478,-0.0188,0.02,0.2355,0.0469,0.2019,0.02,-0.1735,0.02,-0.1208,0.0201,-0.019,0.02,-0.6706,0.0479,-0.068,0.02,0.0117,0.02,-0.0054,0.02,0.0001,0.1305,0.0098,0.02,-9999.0,-9999.0,0.7371,0.0469,0.4703,0.0478,1,1,0.24,-1.593,0.009,-1.455,0.009,9.087,2399.8,8.47
123,UBC_199,0.012200131,0.046655964,-0.2043875,0.012829974,-0.13909109,0.01024065,1,UBC_199,172.78912261,-15.68,67.43660852,25.41886171,0.135,3.007,0.166,-1.769,0.123,-13.4127,0.0218,9.519,1233.0,9.06,9.544,-0.3094,0.4717,179.103,0.061,129.132,192.108,-0.1391,-0.2721,0.02,0.1495,0.02,-0.1748,0.02,-0.0526,0.02,-0.2044,0.02,-0.193,0.0471,-0.1477,0.02,0.0215,0.0467,-0.1227,0.02,-0.1608,0.02,-0.1508,0.02,-0.271,0.02,0.1889,0.0471,-0.1681,0.02,-0.1724,0.02,-0.1391,0.02,-0.2516,0.1299,-0.2158,0.02,-0.0197,0.13,0.0122,0.0467,-0.2623,0.0471,1,1,0.501,2.905,0.016,-1.844,0.016,9.216,1138.6,8.79
124,UBC_212,-2.3506799,0.047858637,-0.2181565,0.017280163,-0.26589108,0.01084335,1,UBC_212,212.85727676,-2.084,100.97035566,-0.88381268,0.061,-0.618,0.09,0.659,0.126,41.339,0.0286,10.796,2798.0,9.03,11.362,-0.0751,0.0996,188.078,0.06,128.89,234.674,-0.2659,-0.3789,0.02,-0.047,0.02,-0.2305,0.02,-0.2752,0.02,-0.2182,0.02,-0.2391,0.0489,-0.2377,0.02,0.2447,0.0472,-0.1374,0.02,-0.2742,0.02,-0.2975,0.022,-0.2417,0.02,-0.4351,0.0491,-0.3781,0.02,-0.2888,0.02,-0.2659,0.02,-0.2436,0.1317,-0.2937,0.02,-0.1329,0.1321,-9999.0,-9999.0,-0.9331,0.0492,1,1,0.215,-0.616,0.007,0.655,0.007,10.464,2669.7,8.85
125,UBC_618,-0.034299865,0.046761755,-0.4478145,0.012944029,-0.45155108,0.010348075,1,UBC_618,203.13003081,-2.366,96.23774806,7.61774307,0.061,0.251,0.129,0.062,0.095,37.5307,0.02,13.086,5004.0,8.86,13.77,-0.1743,0.4444,188.631,0.076,226.741,291.564,-0.4516,-0.5897,0.02,-0.028,0.02,-0.4492,0.02,-0.2976,0.02,-0.4478,0.02,-0.4932,0.0475,-0.4549,0.02,-0.2721,0.0468,-0.3199,0.02,-0.4694,0.02,-0.471,0.02,-0.5091,0.02,-0.4879,0.0475,-0.3818,0.02,-0.4133,0.02,-0.4516,0.02,-0.33,0.1302,-0.4728,0.02,0.0177,0.1305,-0.0343,0.0468,-1.4771,0.0475,1,1,0.149,0.224,0.01,0.039,0.01,13.343,5489.6,8.43
